Timestamp,SystemCodeNumber,OccupancyRatio,Norm_QueueLength,TrafficWeight,IsSpecialDay,VehicleTypeWeight
2016-10-04 07:59:00,BHMBCCMKT01,0.10571923743500866,0.06666666666666667,0.3,0,1.0
2016-10-04 08:25:00,BHMBCCMKT01,0.11091854419410745,0.06666666666666667,0.3,0,1.0
2016-10-04 08:59:00,BHMBCCMKT01,0.1386481802426343,0.13333333333333333,0.3,0,1.0
2016-10-04 09:32:00,BHMBCCMKT01,0.1854419410745234,0.13333333333333333,0.3,0,1.0
2016-10-04 09:59:00,BHMBCCMKT01,0.25996533795493937,0.13333333333333333,0.3,0,0.5
2016-10-04 10:26:00,BHMBCCMKT01,0.30675909878682844,0.2,0.3,0,1.0
2016-10-04 10:59:00,BHMBCCMKT01,0.37954939341421146,0.4,1.0,0,1.5
2016-10-04 11:25:00,BHMBCCMKT01,0.42807625649913345,0.3333333333333333,0.3,0,1.0
2016-10-04 11:59:00,BHMBCCMKT01,0.4488734835355286,0.3333333333333333,0.3,0,1.0
2016-10-04 12:29:00,BHMBCCMKT01,0.4610051993067591,0.5333333333333333,1.0,0,0.5
2016-10-04 13:02:00,BHMBCCMKT01,0.4662045060658579,0.4666666666666667,1.0,0,1.0
2016-10-04 13:29:00,BHMBCCMKT01,0.4558058925476603,0.4666666666666667,1.0,0,1.0
2016-10-04 14:02:00,BHMBCCMKT01,0.4124783362218371,0.3333333333333333,1.0,0,1.0
2016-10-04 14:29:00,BHMBCCMKT01,0.37261698440207974,0.2,0.3,0,1.5
2016-10-04 14:57:00,BHMBCCMKT01,0.3327556325823224,0.2,0.3,0,0.5
2016-10-04 15:30:00,BHMBCCMKT01,0.28596187175043325,0.13333333333333333,0.3,0,1.0
2016-10-04 16:04:00,BHMBCCMKT01,0.2807625649913345,0.06666666666666667,0.3,0,0.5
2016-10-04 16:31:00,BHMBCCMKT01,0.24783362218370883,0.13333333333333333,0.3,0,1.0
2016-10-05 07:57:00,BHMBCCMKT01,0.09358752166377816,0.06666666666666667,0.3,0,1.0
2016-10-05 08:30:00,BHMBCCMKT01,0.1022530329289428,0.06666666666666667,0.3,0,1.0
2016-10-05 09:04:00,BHMBCCMKT01,0.12305025996533796,0.13333333333333333,0.3,0,1.0
2016-10-05 09:30:00,BHMBCCMKT01,0.1438474870017331,0.13333333333333333,0.3,0,1.0
2016-10-05 10:04:00,BHMBCCMKT01,0.1975736568457539,0.2,0.3,0,1.0
2016-10-05 10:30:00,BHMBCCMKT01,0.2218370883882149,0.26666666666666666,1.0,0,1.5
2016-10-05 11:04:00,BHMBCCMKT01,0.2564991334488735,0.26666666666666666,0.3,0,0.5
2016-10-05 11:30:00,BHMBCCMKT01,0.2807625649913345,0.26666666666666666,0.3,0,1.0
2016-10-05 12:04:00,BHMBCCMKT01,0.30849220103986136,0.4,1.0,0,1.0
2016-10-05 12:30:00,BHMBCCMKT01,0.317157712305026,0.4666666666666667,1.0,0,1.0
2016-10-05 12:57:00,BHMBCCMKT01,0.30329289428076256,0.4666666666666667,1.0,0,1.0
2016-10-05 13:30:00,BHMBCCMKT01,0.31022530329289427,0.4,1.0,0,1.5
2016-10-05 13:57:00,BHMBCCMKT01,0.30155979202772965,0.26666666666666666,0.3,0,1.0
2016-10-05 14:30:00,BHMBCCMKT01,0.2738301559792028,0.3333333333333333,1.0,0,1.0
2016-10-05 14:57:00,BHMBCCMKT01,0.2512998266897747,0.2,0.3,0,1.0
2016-10-05 15:30:00,BHMBCCMKT01,0.22357019064124783,0.13333333333333333,0.3,0,1.0
2016-10-05 16:04:00,BHMBCCMKT01,0.2097053726169844,0.13333333333333333,0.3,0,1.0
2016-10-05 16:30:00,BHMBCCMKT01,0.1975736568457539,0.06666666666666667,0.3,0,0.5
2016-10-06 07:57:00,BHMBCCMKT01,0.10051993067590988,0.06666666666666667,0.3,0,1.0
2016-10-06 08:30:00,BHMBCCMKT01,0.10918544194107452,0.06666666666666667,0.3,0,1.0
2016-10-06 08:57:00,BHMBCCMKT01,0.12131715771230503,0.06666666666666667,0.3,0,1.0
2016-10-06 09:30:00,BHMBCCMKT01,0.16464471403812825,0.13333333333333333,0.3,0,1.0
2016-10-06 10:03:00,BHMBCCMKT01,0.2339688041594454,0.2,0.3,0,1.0
2016-10-06 10:30:00,BHMBCCMKT01,0.2772963604852686,0.2,0.3,0,1.0
2016-10-06 10:57:00,BHMBCCMKT01,0.30675909878682844,0.2,0.3,0,1.0
2016-10-06 11:30:00,BHMBCCMKT01,0.3310225303292894,0.26666666666666666,0.3,0,1.0
2016-10-06 12:04:00,BHMBCCMKT01,0.34488734835355284,0.4666666666666667,1.0,0,1.0
2016-10-06 12:30:00,BHMBCCMKT01,0.35701906412478335,0.4666666666666667,1.0,0,1.0
2016-10-06 12:57:00,BHMBCCMKT01,0.3431542461005199,0.3333333333333333,0.3,0,1.0
2016-10-06 13:30:00,BHMBCCMKT01,0.36048526863084923,0.4666666666666667,1.0,0,0.5
2016-10-06 13:57:00,BHMBCCMKT01,0.3466204506065858,0.3333333333333333,0.3,0,1.0
2016-10-06 14:30:00,BHMBCCMKT01,0.30329289428076256,0.2,0.3,0,1.0
2016-10-06 15:04:00,BHMBCCMKT01,0.2738301559792028,0.13333333333333333,0.3,0,1.0
2016-10-06 15:31:00,BHMBCCMKT01,0.2651646447140381,0.13333333333333333,0.3,0,0.5
2016-10-06 16:04:00,BHMBCCMKT01,0.2339688041594454,0.06666666666666667,0.3,0,0.5
2016-10-06 16:30:00,BHMBCCMKT01,0.22357019064124783,0.13333333333333333,0.3,0,1.0
2016-10-07 08:03:00,BHMBCCMKT01,0.10051993067590988,0.13333333333333333,0.3,0,1.0
2016-10-07 08:30:00,BHMBCCMKT01,0.10571923743500866,0.13333333333333333,0.3,0,1.0
2016-10-07 09:04:00,BHMBCCMKT01,0.12998266897746968,0.06666666666666667,0.3,0,1.0
2016-10-07 09:30:00,BHMBCCMKT01,0.17850953206239167,0.13333333333333333,0.3,0,1.0
2016-10-07 09:57:00,BHMBCCMKT01,0.2218370883882149,0.13333333333333333,0.3,0,0.5
2016-10-07 10:30:00,BHMBCCMKT01,0.29809358752166376,0.3333333333333333,1.0,0,1.5
2016-10-07 10:57:00,BHMBCCMKT01,0.32582322357019067,0.2,0.3,0,1.0
2016-10-07 11:30:00,BHMBCCMKT01,0.34488734835355284,0.26666666666666666,0.3,0,0.5
2016-10-07 12:03:00,BHMBCCMKT01,0.36395147313691506,0.4666666666666667,1.0,0,1.0
2016-10-07 12:30:00,BHMBCCMKT01,0.35701906412478335,0.4666666666666667,1.0,0,0.5
2016-10-07 13:04:00,BHMBCCMKT01,0.3466204506065858,0.4666666666666667,1.0,0,1.0
2016-10-07 13:30:00,BHMBCCMKT01,0.3483535528596187,0.4666666666666667,1.0,0,1.0
2016-10-07 14:03:00,BHMBCCMKT01,0.3344887348353553,0.2,0.3,0,0.5
2016-10-07 14:30:00,BHMBCCMKT01,0.31369150779896016,0.26666666666666666,0.3,0,1.0
2016-10-07 15:04:00,BHMBCCMKT01,0.29809358752166376,0.13333333333333333,0.3,0,1.5
2016-10-07 15:30:00,BHMBCCMKT01,0.2755632582322357,0.13333333333333333,0.3,0,1.0
2016-10-07 15:57:00,BHMBCCMKT01,0.2738301559792028,0.13333333333333333,0.3,0,1.0
2016-10-07 16:30:00,BHMBCCMKT01,0.22876949740034663,0.13333333333333333,0.3,0,1.0
2016-10-08 07:57:00,BHMBCCMKT01,0.10051993067590988,0.06666666666666667,0.3,0,1.0
2016-10-08 08:30:00,BHMBCCMKT01,0.10571923743500866,0.13333333333333333,0.3,0,1.0
2016-10-08 08:57:00,BHMBCCMKT01,0.12998266897746968,0.06666666666666667,0.3,0,1.5
2016-10-08 09:30:00,BHMBCCMKT01,0.18024263431542462,0.13333333333333333,0.3,0,1.0
2016-10-08 10:04:00,BHMBCCMKT01,0.2738301559792028,0.2,0.3,0,1.0
2016-10-08 10:30:00,BHMBCCMKT01,0.3310225303292894,0.2,0.3,0,1.5
2016-10-08 10:57:00,BHMBCCMKT01,0.38648180242634317,0.26666666666666666,0.3,0,1.5
2016-10-08 11:30:00,BHMBCCMKT01,0.44020797227036396,0.26666666666666666,0.3,0,1.0
2016-10-08 12:04:00,BHMBCCMKT01,0.5303292894280762,0.4666666666666667,1.0,0,1.0
2016-10-08 12:30:00,BHMBCCMKT01,0.5545927209705372,0.5333333333333333,1.0,0,1.0
2016-10-08 13:04:00,BHMBCCMKT01,0.6031195840554593,0.4666666666666667,1.0,0,1.0
2016-10-08 13:30:00,BHMBCCMKT01,0.6187175043327556,0.4666666666666667,1.0,0,1.0
2016-10-08 14:03:00,BHMBCCMKT01,0.6845753899480069,0.26666666666666666,0.3,0,0.5
2016-10-08 14:30:00,BHMBCCMKT01,0.6932409012131716,0.26666666666666666,0.3,0,1.0
2016-10-08 14:57:00,BHMBCCMKT01,0.6845753899480069,0.26666666666666666,0.3,0,1.0
2016-10-08 15:30:00,BHMBCCMKT01,0.7036395147313691,0.2,0.3,0,1.0
2016-10-08 16:04:00,BHMBCCMKT01,0.6603119584055459,0.13333333333333333,0.3,0,1.0
2016-10-08 16:30:00,BHMBCCMKT01,0.6325823223570191,0.13333333333333333,0.3,0,1.5
2016-10-09 08:04:00,BHMBCCMKT01,0.07279029462738301,0.13333333333333333,0.3,1,1.0
2016-10-09 08:30:00,BHMBCCMKT01,0.07279029462738301,0.13333333333333333,0.3,1,0.5
2016-10-09 09:04:00,BHMBCCMKT01,0.07452339688041594,0.13333333333333333,0.3,1,1.0
2016-10-09 09:30:00,BHMBCCMKT01,0.07452339688041594,0.13333333333333333,0.3,1,1.0
2016-10-09 09:57:00,BHMBCCMKT01,0.08665511265164645,0.2,0.3,1,1.0
2016-10-09 10:30:00,BHMBCCMKT01,0.11091854419410745,0.3333333333333333,1.0,1,1.0
2016-10-09 11:04:00,BHMBCCMKT01,0.1733102253032929,0.4,0.3,1,1.5
2016-10-09 11:30:00,BHMBCCMKT01,0.21837088388214904,0.4,0.3,1,1.0
2016-10-09 11:57:00,BHMBCCMKT01,0.2564991334488735,0.4,0.3,1,1.0
2016-10-09 12:30:00,BHMBCCMKT01,0.29462738301559793,0.6,1.0,1,1.5
2016-10-09 13:04:00,BHMBCCMKT01,0.3275563258232236,0.5333333333333333,1.0,1,1.0
2016-10-09 13:30:00,BHMBCCMKT01,0.35528596187175043,0.6,1.0,1,0.5
2016-10-09 14:03:00,BHMBCCMKT01,0.36048526863084923,0.4666666666666667,1.0,1,1.0
2016-10-09 14:30:00,BHMBCCMKT01,0.36221837088388215,0.3333333333333333,0.3,1,1.0
2016-10-09 15:04:00,BHMBCCMKT01,0.3310225303292894,0.2,0.3,1,1.0
2016-10-09 15:30:00,BHMBCCMKT01,0.3119584055459272,0.2,0.3,1,1.0
2016-10-09 16:03:00,BHMBCCMKT01,0.268630849220104,0.2,0.3,1,1.5
2016-10-09 16:30:00,BHMBCCMKT01,0.23050259965337955,0.13333333333333333,0.3,1,1.0
2016-10-10 08:04:00,BHMBCCMKT01,0.09358752166377816,0.06666666666666667,0.3,0,0.5
2016-10-10 08:30:00,BHMBCCMKT01,0.09705372616984402,0.06666666666666667,0.3,0,1.5
2016-10-10 09:04:00,BHMBCCMKT01,0.11265164644714037,0.06666666666666667,0.3,0,1.0
2016-10-10 09:30:00,BHMBCCMKT01,0.1265164644714038,0.13333333333333333,0.3,0,0.5
2016-10-10 10:03:00,BHMBCCMKT01,0.15944540727902945,0.13333333333333333,0.3,0,1.0
2016-10-10 10:30:00,BHMBCCMKT01,0.19584055459272098,0.26666666666666666,0.3,0,1.0
2016-10-10 10:57:00,BHMBCCMKT01,0.24956672443674177,0.2,0.3,0,1.0
2016-10-10 11:30:00,BHMBCCMKT01,0.2582322357019064,0.26666666666666666,0.3,0,1.0
2016-10-10 11:57:00,BHMBCCMKT01,0.2755632582322357,0.26666666666666666,0.3,0,1.0
2016-10-10 12:30:00,BHMBCCMKT01,0.29636048526863085,0.4,1.0,0,1.0
2016-10-10 13:04:00,BHMBCCMKT01,0.3050259965337955,0.3333333333333333,0.3,0,1.5
2016-10-10 13:30:00,BHMBCCMKT01,0.29809358752166376,0.4,1.0,0,1.0
2016-10-10 14:03:00,BHMBCCMKT01,0.27902946273830154,0.3333333333333333,1.0,0,1.0
2016-10-10 14:30:00,BHMBCCMKT01,0.2668977469670711,0.2,0.3,0,1.0
2016-10-10 14:57:00,BHMBCCMKT01,0.23743500866551126,0.26666666666666666,0.3,0,1.0
2016-10-10 15:30:00,BHMBCCMKT01,0.22357019064124783,0.06666666666666667,0.3,0,0.5
2016-10-10 15:57:00,BHMBCCMKT01,0.22530329289428075,0.2,0.3,0,1.0
2016-10-10 16:30:00,BHMBCCMKT01,0.1975736568457539,0.13333333333333333,0.3,0,1.5
2016-10-11 08:04:00,BHMBCCMKT01,0.09705372616984402,0.06666666666666667,0.3,0,0.5
2016-10-11 08:30:00,BHMBCCMKT01,0.11091854419410745,0.06666666666666667,0.3,0,1.0
2016-10-11 08:57:00,BHMBCCMKT01,0.12824956672443674,0.06666666666666667,0.3,0,1.5
2016-10-11 09:30:00,BHMBCCMKT01,0.1611785095320624,0.13333333333333333,0.3,0,0.5
2016-10-11 09:57:00,BHMBCCMKT01,0.22357019064124783,0.13333333333333333,0.3,0,0.5
2016-10-11 10:30:00,BHMBCCMKT01,0.28942807625649913,0.2,0.3,0,1.0
2016-10-11 10:57:00,BHMBCCMKT01,0.3466204506065858,0.2,0.3,0,1.0
2016-10-11 11:30:00,BHMBCCMKT01,0.37954939341421146,0.3333333333333333,0.3,0,1.0
2016-10-11 12:03:00,BHMBCCMKT01,0.389948006932409,0.4666666666666667,1.0,0,1.0
2016-10-11 12:30:00,BHMBCCMKT01,0.3830155979202773,0.5333333333333333,1.0,0,1.0
2016-10-11 13:04:00,BHMBCCMKT01,0.37608318890814557,0.4,1.0,0,1.0
2016-10-11 13:31:00,BHMBCCMKT01,0.37608318890814557,0.4,1.0,0,1.0
2016-10-11 14:04:00,BHMBCCMKT01,0.36048526863084923,0.26666666666666666,0.3,0,0.5
2016-10-11 14:30:00,BHMBCCMKT01,0.3310225303292894,0.2,0.3,0,1.0
2016-10-11 15:03:00,BHMBCCMKT01,0.28942807625649913,0.13333333333333333,0.3,0,0.5
2016-10-11 15:33:00,BHMBCCMKT01,0.2755632582322357,0.13333333333333333,0.3,0,1.0
2016-10-11 16:01:00,BHMBCCMKT01,0.25996533795493937,0.06666666666666667,0.3,0,0.5
2016-10-11 16:26:00,BHMBCCMKT01,0.22010398613518198,0.13333333333333333,0.3,0,1.0
2016-10-12 08:04:00,BHMBCCMKT01,0.08838821490467938,0.06666666666666667,0.3,0,0.5
2016-10-12 08:31:00,BHMBCCMKT01,0.09878682842287695,0.13333333333333333,0.3,0,1.0
2016-10-12 09:03:00,BHMBCCMKT01,0.11091854419410745,0.06666666666666667,0.3,0,0.5
2016-10-12 09:26:00,BHMBCCMKT01,0.1265164644714038,0.06666666666666667,0.3,0,1.0
2016-10-12 10:01:00,BHMBCCMKT01,0.17157712305025996,0.2,0.3,0,1.0
2016-10-12 10:31:00,BHMBCCMKT01,0.19410745233968804,0.2,0.3,0,0.5
2016-10-12 11:04:00,BHMBCCMKT01,0.22010398613518198,0.26666666666666666,0.3,0,0.5
2016-10-12 11:31:00,BHMBCCMKT01,0.2218370883882149,0.26666666666666666,0.3,0,1.0
2016-10-12 12:04:00,BHMBCCMKT01,0.24783362218370883,0.4,1.0,0,1.0
2016-10-12 12:31:00,BHMBCCMKT01,0.2738301559792028,0.3333333333333333,0.3,0,1.0
2016-10-12 13:04:00,BHMBCCMKT01,0.2720970537261698,0.4,1.0,0,0.5
2016-10-12 13:34:00,BHMBCCMKT01,0.28422876949740034,0.4,1.0,0,1.0
2016-10-12 14:03:00,BHMBCCMKT01,0.28942807625649913,0.3333333333333333,1.0,0,0.5
2016-10-12 14:34:00,BHMBCCMKT01,0.2755632582322357,0.26666666666666666,0.3,0,0.5
2016-10-12 15:01:00,BHMBCCMKT01,0.24263431542461006,0.13333333333333333,0.3,0,1.0
2016-10-12 15:30:00,BHMBCCMKT01,0.2218370883882149,0.13333333333333333,0.3,0,1.5
2016-10-12 15:57:00,BHMBCCMKT01,0.2097053726169844,0.13333333333333333,0.3,0,1.0
2016-10-12 16:31:00,BHMBCCMKT01,0.1923743500866551,0.13333333333333333,0.3,0,1.0
2016-10-13 07:57:00,BHMBCCMKT01,0.10051993067590988,0.13333333333333333,0.3,0,1.0
2016-10-13 08:31:00,BHMBCCMKT01,0.11265164644714037,0.06666666666666667,0.3,0,1.0
2016-10-13 09:04:00,BHMBCCMKT01,0.1317157712305026,0.13333333333333333,0.3,0,1.0
2016-10-13 09:31:00,BHMBCCMKT01,0.1681109185441941,0.13333333333333333,0.3,0,1.0
2016-10-13 09:57:00,BHMBCCMKT01,0.22010398613518198,0.13333333333333333,0.3,0,0.5
2016-10-13 10:31:00,BHMBCCMKT01,0.2876949740034662,0.26666666666666666,0.3,0,1.0
2016-10-13 11:04:00,BHMBCCMKT01,0.3466204506065858,0.26666666666666666,0.3,0,1.5
2016-10-13 11:31:00,BHMBCCMKT01,0.38128249566724437,0.26666666666666666,0.3,0,1.0
2016-10-13 11:57:00,BHMBCCMKT01,0.3986135181975737,0.26666666666666666,0.3,0,1.0
2016-10-13 12:31:00,BHMBCCMKT01,0.4003466204506066,0.4666666666666667,1.0,0,1.0
2016-10-13 13:04:00,BHMBCCMKT01,0.3708838821490468,0.4,1.0,0,1.0
2016-10-13 13:31:00,BHMBCCMKT01,0.35181975736568455,0.4,1.0,0,1.0
2016-10-13 13:57:00,BHMBCCMKT01,0.35528596187175043,0.3333333333333333,0.3,0,1.0
2016-10-13 14:31:00,BHMBCCMKT01,0.31369150779896016,0.26666666666666666,0.3,0,1.5
2016-10-13 15:04:00,BHMBCCMKT01,0.2807625649913345,0.13333333333333333,0.3,0,1.0
2016-10-13 15:31:00,BHMBCCMKT01,0.24956672443674177,0.13333333333333333,0.3,0,1.0
2016-10-13 16:04:00,BHMBCCMKT01,0.22876949740034663,0.13333333333333333,0.3,0,1.0
2016-10-13 16:31:00,BHMBCCMKT01,0.22530329289428075,0.13333333333333333,0.3,0,1.0
2016-10-14 08:01:00,BHMBCCMKT01,0.09185441941074524,0.06666666666666667,0.3,0,1.0
2016-10-14 08:27:00,BHMBCCMKT01,0.09878682842287695,0.06666666666666667,0.3,0,1.0
2016-10-14 09:01:00,BHMBCCMKT01,0.11611785095320624,0.13333333333333333,0.3,0,1.0
2016-10-14 09:27:00,BHMBCCMKT01,0.1733102253032929,0.13333333333333333,0.3,0,1.0
2016-10-14 10:01:00,BHMBCCMKT01,0.2322357019064125,0.13333333333333333,0.3,0,1.0
2016-10-14 10:27:00,BHMBCCMKT01,0.2720970537261698,0.2,0.3,0,1.0
2016-10-14 11:01:00,BHMBCCMKT01,0.35528596187175043,0.3333333333333333,0.3,0,1.0
2016-10-14 11:27:00,BHMBCCMKT01,0.38128249566724437,0.3333333333333333,0.3,0,1.0
2016-10-14 12:01:00,BHMBCCMKT01,0.3882149046793761,0.4666666666666667,1.0,0,1.0
2016-10-14 12:27:00,BHMBCCMKT01,0.36915077989601386,0.3333333333333333,0.3,0,0.5
2016-10-14 13:01:00,BHMBCCMKT01,0.35528596187175043,0.4,1.0,0,1.5
2016-10-14 13:27:00,BHMBCCMKT01,0.3483535528596187,0.4666666666666667,1.0,0,1.0
2016-10-14 14:01:00,BHMBCCMKT01,0.31542461005199307,0.26666666666666666,0.3,0,0.5
2016-10-14 14:34:00,BHMBCCMKT01,0.30155979202772965,0.2,0.3,0,0.5
2016-10-14 15:01:00,BHMBCCMKT01,0.29636048526863085,0.13333333333333333,0.3,0,1.0
2016-10-14 15:27:00,BHMBCCMKT01,0.27902946273830154,0.13333333333333333,0.3,0,0.5
2016-10-14 16:01:00,BHMBCCMKT01,0.2391681109185442,0.06666666666666667,0.3,0,1.0
2016-10-14 16:34:00,BHMBCCMKT01,0.2322357019064125,0.13333333333333333,0.3,0,1.0
2016-10-15 08:01:00,BHMBCCMKT01,0.09185441941074524,0.06666666666666667,0.3,0,0.5
2016-10-15 08:34:00,BHMBCCMKT01,0.10918544194107452,0.06666666666666667,0.3,0,1.0
2016-10-15 09:01:00,BHMBCCMKT01,0.13344887348353554,0.13333333333333333,0.3,0,1.0
2016-10-15 09:27:00,BHMBCCMKT01,0.17504332755632582,0.13333333333333333,0.3,0,1.0
2016-10-15 10:01:00,BHMBCCMKT01,0.2668977469670711,0.2,0.3,0,1.0
2016-10-15 10:27:00,BHMBCCMKT01,0.29636048526863085,0.2,0.3,0,1.0
2016-10-15 11:01:00,BHMBCCMKT01,0.36568457538994803,0.26666666666666666,0.3,0,1.0
2016-10-15 11:27:00,BHMBCCMKT01,0.41421143847487,0.26666666666666666,0.3,0,1.0
2016-10-15 12:01:00,BHMBCCMKT01,0.4783362218370884,0.5333333333333333,1.0,0,1.0
2016-10-15 12:27:00,BHMBCCMKT01,0.5147313691507799,0.5333333333333333,1.0,0,1.0
2016-10-15 13:01:00,BHMBCCMKT01,0.5753899480069324,0.4666666666666667,1.0,0,1.0
2016-10-15 13:34:00,BHMBCCMKT01,0.610051993067591,0.5333333333333333,1.0,0,1.0
2016-10-15 14:01:00,BHMBCCMKT01,0.6776429809358753,0.4,1.0,0,1.0
2016-10-15 14:27:00,BHMBCCMKT01,0.708838821490468,0.26666666666666666,0.3,0,1.0
2016-10-15 15:01:00,BHMBCCMKT01,0.7660311958405546,0.2,0.3,0,1.0
2016-10-15 15:27:00,BHMBCCMKT01,0.7417677642980935,0.2,0.3,0,0.5
2016-10-15 16:01:00,BHMBCCMKT01,0.7140381282495667,0.13333333333333333,0.3,0,1.0
2016-10-15 16:27:00,BHMBCCMKT01,0.6811091854419411,0.13333333333333333,0.3,0,0.5
2016-10-16 08:04:00,BHMBCCMKT01,0.0831889081455806,0.13333333333333333,0.3,1,1.0
2016-10-16 08:27:00,BHMBCCMKT01,0.0831889081455806,0.13333333333333333,0.3,1,0.5
2016-10-16 09:01:00,BHMBCCMKT01,0.09532062391681109,0.13333333333333333,0.3,1,1.0
2016-10-16 09:27:00,BHMBCCMKT01,0.09878682842287695,0.13333333333333333,0.3,1,1.0
2016-10-16 10:04:00,BHMBCCMKT01,0.09878682842287695,0.26666666666666666,0.3,1,1.0
2016-10-16 10:34:00,BHMBCCMKT01,0.09705372616984402,0.2,0.3,1,0.5
2016-10-16 11:01:00,BHMBCCMKT01,0.09705372616984402,0.3333333333333333,0.3,1,0.5
2016-10-16 11:27:00,BHMBCCMKT01,0.09705372616984402,0.26666666666666666,0.3,1,1.5
2016-10-16 12:01:00,BHMBCCMKT01,0.11265164644714037,0.5333333333333333,1.0,1,1.0
2016-10-16 12:27:00,BHMBCCMKT01,0.18197573656845753,0.6,1.0,1,0.5
2016-10-16 13:01:00,BHMBCCMKT01,0.2270363951473137,0.5333333333333333,1.0,1,1.0
2016-10-16 13:27:00,BHMBCCMKT01,0.2530329289428076,0.4,0.3,1,1.0
2016-10-16 14:01:00,BHMBCCMKT01,0.29462738301559793,0.4666666666666667,1.0,1,0.5
2016-10-16 14:27:00,BHMBCCMKT01,0.3119584055459272,0.3333333333333333,0.3,1,1.0
2016-10-16 15:01:00,BHMBCCMKT01,0.3327556325823224,0.2,0.3,1,1.0
2016-10-16 15:31:00,BHMBCCMKT01,0.32062391681109187,0.2,0.3,1,0.5
2016-10-16 15:57:00,BHMBCCMKT01,0.29982668977469673,0.2,0.3,1,1.0
2016-10-16 16:31:00,BHMBCCMKT01,0.2668977469670711,0.2,0.3,1,1.0
2016-10-17 08:01:00,BHMBCCMKT01,0.08665511265164645,0.13333333333333333,0.3,0,0.5
2016-10-17 08:27:00,BHMBCCMKT01,0.09358752166377816,0.06666666666666667,0.3,0,0.5
2016-10-17 09:01:00,BHMBCCMKT01,0.11438474870017332,0.06666666666666667,0.3,0,1.0
2016-10-17 09:27:00,BHMBCCMKT01,0.1317157712305026,0.13333333333333333,0.3,0,1.5
2016-10-17 10:04:00,BHMBCCMKT01,0.19410745233968804,0.2,0.3,0,1.0
2016-10-17 10:31:00,BHMBCCMKT01,0.20623916811091855,0.3333333333333333,1.0,0,0.5
2016-10-17 11:04:00,BHMBCCMKT01,0.24956672443674177,0.4,1.0,0,1.0
2016-10-17 11:31:00,BHMBCCMKT01,0.2651646447140381,0.4,1.0,0,1.0
2016-10-17 12:04:00,BHMBCCMKT01,0.2755632582322357,0.4666666666666667,1.0,0,1.0
2016-10-17 12:31:00,BHMBCCMKT01,0.2668977469670711,0.4666666666666667,1.0,0,1.0
2016-10-17 12:57:00,BHMBCCMKT01,0.2668977469670711,0.4,1.0,0,1.0
2016-10-17 13:31:00,BHMBCCMKT01,0.2720970537261698,0.4,1.0,0,0.5
2016-10-17 14:04:00,BHMBCCMKT01,0.27902946273830154,0.2,0.3,0,1.0
2016-10-17 14:31:00,BHMBCCMKT01,0.25476603119584057,0.26666666666666666,1.0,0,1.0
2016-10-17 14:57:00,BHMBCCMKT01,0.23050259965337955,0.26666666666666666,0.3,0,0.5
2016-10-17 15:31:00,BHMBCCMKT01,0.2097053726169844,0.13333333333333333,0.3,0,0.5
2016-10-17 15:57:00,BHMBCCMKT01,0.19930675909878684,0.06666666666666667,0.3,0,1.0
2016-10-17 16:28:00,BHMBCCMKT01,0.19064124783362218,0.13333333333333333,0.3,0,1.5
2016-10-18 08:01:00,BHMBCCMKT01,0.09878682842287695,0.13333333333333333,0.3,0,0.5
2016-10-18 08:28:00,BHMBCCMKT01,0.10398613518197573,0.13333333333333333,0.3,0,1.0
2016-10-18 09:01:00,BHMBCCMKT01,0.12478336221837089,0.06666666666666667,0.3,0,1.0
2016-10-18 09:28:00,BHMBCCMKT01,0.15771230502599654,0.13333333333333333,0.3,0,0.5
2016-10-18 10:01:00,BHMBCCMKT01,0.2512998266897747,0.2,0.3,0,1.0
2016-10-18 10:28:00,BHMBCCMKT01,0.30849220103986136,0.13333333333333333,0.3,0,1.0
2016-10-18 11:01:00,BHMBCCMKT01,0.38128249566724437,0.3333333333333333,0.3,0,0.5
2016-10-18 11:27:00,BHMBCCMKT01,0.3951473136915078,0.3333333333333333,0.3,0,1.0
2016-10-18 12:01:00,BHMBCCMKT01,0.4003466204506066,0.4666666666666667,1.0,0,1.0
2016-10-18 12:27:00,BHMBCCMKT01,0.3882149046793761,0.4666666666666667,1.0,0,1.5
2016-10-18 13:01:00,BHMBCCMKT01,0.41074523396880414,0.4,1.0,0,1.5
2016-10-18 13:28:00,BHMBCCMKT01,0.3934142114384749,0.4,1.0,0,1.0
2016-10-18 13:54:00,BHMBCCMKT01,0.39168110918544197,0.4,1.0,0,0.5
2016-10-18 14:27:00,BHMBCCMKT01,0.3466204506065858,0.2,0.3,0,1.0
2016-10-18 15:01:00,BHMBCCMKT01,0.28596187175043325,0.2,0.3,0,1.0
2016-10-18 15:27:00,BHMBCCMKT01,0.2720970537261698,0.13333333333333333,0.3,0,1.0
2016-10-18 15:55:00,BHMBCCMKT01,0.2582322357019064,0.13333333333333333,0.3,0,1.0
2016-10-18 16:27:00,BHMBCCMKT01,0.21490467937608318,0.13333333333333333,0.3,0,1.0
2016-10-19 08:05:00,BHMBCCMKT01,0.08492201039861352,0.13333333333333333,0.3,0,1.0
2016-10-19 08:25:00,BHMBCCMKT01,0.08838821490467938,0.06666666666666667,0.3,0,1.0
2016-10-19 08:58:00,BHMBCCMKT01,0.1022530329289428,0.13333333333333333,0.3,0,1.0
2016-10-19 09:32:00,BHMBCCMKT01,0.1317157712305026,0.13333333333333333,0.3,0,0.5
2016-10-19 09:58:00,BHMBCCMKT01,0.18197573656845753,0.13333333333333333,0.3,0,1.0
2016-10-19 10:25:00,BHMBCCMKT01,0.2339688041594454,0.2,0.3,0,1.0
2016-10-19 10:59:00,BHMBCCMKT01,0.2703639514731369,0.2,0.3,0,1.0
2016-10-19 11:25:00,BHMBCCMKT01,0.30675909878682844,0.26666666666666666,0.3,0,1.0
2016-10-19 11:59:00,BHMBCCMKT01,0.31369150779896016,0.4,1.0,0,1.0
2016-10-19 12:25:00,BHMBCCMKT01,0.29636048526863085,0.4666666666666667,1.0,0,1.0
2016-10-19 12:58:00,BHMBCCMKT01,0.28596187175043325,0.4666666666666667,1.0,0,1.0
2016-10-19 13:25:00,BHMBCCMKT01,0.28942807625649913,0.4,1.0,0,0.5
2016-10-19 13:58:00,BHMBCCMKT01,0.27902946273830154,0.3333333333333333,0.3,0,1.0
2016-10-19 14:32:00,BHMBCCMKT01,0.2703639514731369,0.2,0.3,0,1.0
2016-10-19 14:58:00,BHMBCCMKT01,0.24956672443674177,0.26666666666666666,0.3,0,1.0
2016-10-19 15:32:00,BHMBCCMKT01,0.22010398613518198,0.06666666666666667,0.3,0,1.0
2016-10-19 15:59:00,BHMBCCMKT01,0.2027729636048527,0.13333333333333333,0.3,0,0.5
2016-10-19 16:25:00,BHMBCCMKT01,0.19064124783362218,0.13333333333333333,0.3,0,1.0
2016-10-22 07:59:00,BHMBCCMKT01,0.09878682842287695,0.13333333333333333,0.3,0,1.5
2016-10-22 08:26:00,BHMBCCMKT01,0.1022530329289428,0.06666666666666667,0.3,0,1.0
2016-10-22 08:59:00,BHMBCCMKT01,0.12478336221837089,0.06666666666666667,0.3,0,1.5
2016-10-22 09:26:00,BHMBCCMKT01,0.1611785095320624,0.13333333333333333,0.3,0,1.0
2016-10-22 09:59:00,BHMBCCMKT01,0.22530329289428075,0.13333333333333333,0.3,0,1.0
2016-10-22 10:26:00,BHMBCCMKT01,0.2703639514731369,0.2,0.3,0,1.0
2016-10-22 10:59:00,BHMBCCMKT01,0.3431542461005199,0.26666666666666666,0.3,0,1.5
2016-10-22 11:32:00,BHMBCCMKT01,0.41421143847487,0.26666666666666666,0.3,0,1.0
2016-10-22 11:59:00,BHMBCCMKT01,0.45233968804159447,0.3333333333333333,0.3,0,1.0
2016-10-22 12:32:00,BHMBCCMKT01,0.561525129982669,0.5333333333333333,1.0,0,1.0
2016-10-22 12:59:00,BHMBCCMKT01,0.6221837088388215,0.5333333333333333,1.0,0,1.0
2016-10-22 13:32:00,BHMBCCMKT01,0.658578856152513,0.4666666666666667,1.0,0,1.0
2016-10-22 13:59:00,BHMBCCMKT01,0.707105719237435,0.3333333333333333,0.3,0,0.5
2016-10-22 14:39:00,BHMBCCMKT01,0.7452339688041595,0.26666666666666666,0.3,0,1.5
2016-10-22 14:59:00,BHMBCCMKT01,0.7348353552859619,0.26666666666666666,0.3,0,0.5
2016-10-22 15:26:00,BHMBCCMKT01,0.6984402079722704,0.2,0.3,0,1.0
2016-10-22 15:59:00,BHMBCCMKT01,0.6655112651646448,0.13333333333333333,0.3,0,1.0
2016-10-22 16:26:00,BHMBCCMKT01,0.5892547660311959,0.13333333333333333,0.3,0,1.0
2016-10-23 07:59:00,BHMBCCMKT01,0.08145580589254767,0.13333333333333333,0.3,1,1.0
2016-10-23 08:26:00,BHMBCCMKT01,0.0831889081455806,0.13333333333333333,0.3,1,0.5
2016-10-23 08:59:00,BHMBCCMKT01,0.08838821490467938,0.13333333333333333,0.3,1,1.0
2016-10-23 09:26:00,BHMBCCMKT01,0.08665511265164645,0.2,0.3,1,1.0
2016-10-23 09:59:00,BHMBCCMKT01,0.09358752166377816,0.2,0.3,1,1.0
2016-10-23 10:26:00,BHMBCCMKT01,0.10398613518197573,0.2,0.3,1,1.0
2016-10-23 10:59:00,BHMBCCMKT01,0.1386481802426343,0.26666666666666666,0.3,1,1.5
2016-10-23 11:26:00,BHMBCCMKT01,0.1854419410745234,0.4,0.3,1,1.0
2016-10-23 11:59:00,BHMBCCMKT01,0.21663778162911612,0.4,0.3,1,1.5
2016-10-23 12:26:00,BHMBCCMKT01,0.24956672443674177,0.6,1.0,1,1.0
2016-10-23 13:06:00,BHMBCCMKT01,0.30329289428076256,0.6,1.0,1,1.5
2016-10-23 13:26:00,BHMBCCMKT01,0.3327556325823224,0.6,1.0,1,0.5
2016-10-23 13:59:00,BHMBCCMKT01,0.37261698440207974,0.4666666666666667,0.3,1,1.0
2016-10-23 14:26:00,BHMBCCMKT01,0.39168110918544197,0.3333333333333333,0.3,1,1.0
2016-10-23 14:59:00,BHMBCCMKT01,0.37954939341421146,0.3333333333333333,0.3,1,1.0
2016-10-23 15:26:00,BHMBCCMKT01,0.37261698440207974,0.2,0.3,1,1.5
2016-10-23 15:59:00,BHMBCCMKT01,0.31022530329289427,0.2,0.3,1,1.0
2016-10-23 16:26:00,BHMBCCMKT01,0.25996533795493937,0.2,0.3,1,1.0
2016-10-24 07:56:00,BHMBCCMKT01,0.08145580589254767,0.06666666666666667,0.3,0,1.0
2016-10-24 08:29:00,BHMBCCMKT01,0.09532062391681109,0.06666666666666667,0.3,0,1.0
2016-10-24 09:03:00,BHMBCCMKT01,0.10745233968804159,0.13333333333333333,0.3,0,1.0
2016-10-24 09:30:00,BHMBCCMKT01,0.1265164644714038,0.13333333333333333,0.3,0,1.5
2016-10-24 09:55:00,BHMBCCMKT01,0.15077989601386482,0.13333333333333333,0.3,0,1.0
2016-10-24 10:30:00,BHMBCCMKT01,0.1975736568457539,0.2,0.3,0,1.0
2016-10-24 11:03:00,BHMBCCMKT01,0.23743500866551126,0.26666666666666666,0.3,0,1.0
2016-10-24 11:29:00,BHMBCCMKT01,0.268630849220104,0.26666666666666666,0.3,0,1.0
2016-10-24 12:02:00,BHMBCCMKT01,0.29982668977469673,0.4666666666666667,1.0,0,0.5
2016-10-24 12:30:00,BHMBCCMKT01,0.3310225303292894,0.4666666666666667,1.0,0,1.5
2016-10-24 12:56:00,BHMBCCMKT01,0.3431542461005199,0.4666666666666667,1.0,0,1.0
2016-10-24 13:30:00,BHMBCCMKT01,0.36048526863084923,0.4,1.0,0,1.0
2016-10-24 13:56:00,BHMBCCMKT01,0.37954939341421146,0.26666666666666666,0.3,0,1.0
2016-10-24 14:30:00,BHMBCCMKT01,0.37261698440207974,0.2,0.3,0,1.5
2016-10-24 14:56:00,BHMBCCMKT01,0.36221837088388215,0.26666666666666666,0.3,0,1.0
2016-10-24 15:32:00,BHMBCCMKT01,0.36221837088388215,0.13333333333333333,0.3,0,1.0
2016-10-24 16:00:00,BHMBCCMKT01,0.3327556325823224,0.06666666666666667,0.3,0,1.0
2016-10-24 16:33:00,BHMBCCMKT01,0.30329289428076256,0.13333333333333333,0.3,0,0.5
2016-10-25 08:00:00,BHMBCCMKT01,0.09358752166377816,0.06666666666666667,0.3,0,0.5
2016-10-25 08:26:00,BHMBCCMKT01,0.09532062391681109,0.06666666666666667,0.3,0,1.0
2016-10-25 09:00:00,BHMBCCMKT01,0.14211438474870017,0.13333333333333333,0.3,0,1.5
2016-10-25 09:19:00,BHMBCCMKT01,0.16464471403812825,0.13333333333333333,0.3,0,1.0
2016-10-25 09:56:00,BHMBCCMKT01,0.22357019064124783,0.06666666666666667,0.3,0,1.0
2016-10-25 10:29:00,BHMBCCMKT01,0.29982668977469673,0.13333333333333333,0.3,0,1.0
2016-10-25 10:56:00,BHMBCCMKT01,0.35008665511265163,0.2,0.3,0,1.0
2016-10-25 11:29:00,BHMBCCMKT01,0.43154246100519933,0.3333333333333333,0.3,0,0.5
2016-10-25 12:02:00,BHMBCCMKT01,0.5025996533795494,0.5333333333333333,1.0,0,0.5
2016-10-25 12:29:00,BHMBCCMKT01,0.5251299826689775,0.5333333333333333,1.0,0,1.0
2016-10-25 13:03:00,BHMBCCMKT01,0.5736568457538995,0.3333333333333333,0.3,0,0.5
2016-10-25 13:29:00,BHMBCCMKT01,0.5979202772963604,0.4666666666666667,1.0,0,1.0
2016-10-25 13:56:00,BHMBCCMKT01,0.6291161178509532,0.3333333333333333,0.3,0,1.5
2016-10-25 14:29:00,BHMBCCMKT01,0.6325823223570191,0.26666666666666666,0.3,0,0.5
2016-10-25 15:02:00,BHMBCCMKT01,0.5892547660311959,0.2,0.3,0,1.0
2016-10-25 15:29:00,BHMBCCMKT01,0.5233968804159446,0.13333333333333333,0.3,0,0.5
2016-10-25 15:56:00,BHMBCCMKT01,0.4731369150779896,0.13333333333333333,0.3,0,1.0
2016-10-25 16:29:00,BHMBCCMKT01,0.39168110918544197,0.13333333333333333,0.3,0,1.0
2016-10-26 07:59:00,BHMBCCMKT01,0.09705372616984402,0.06666666666666667,0.3,0,0.5
2016-10-26 08:32:00,BHMBCCMKT01,0.10918544194107452,0.13333333333333333,0.3,0,1.5
2016-10-26 08:59:00,BHMBCCMKT01,0.12131715771230503,0.06666666666666667,0.3,0,1.0
2016-10-26 09:26:00,BHMBCCMKT01,0.15077989601386482,0.13333333333333333,0.3,0,1.0
2016-10-26 09:59:00,BHMBCCMKT01,0.18717504332755633,0.13333333333333333,0.3,0,1.0
2016-10-26 10:26:00,BHMBCCMKT01,0.21663778162911612,0.13333333333333333,0.3,0,0.5
2016-10-26 10:59:00,BHMBCCMKT01,0.2755632582322357,0.2,0.3,0,1.0
2016-10-26 11:26:00,BHMBCCMKT01,0.31542461005199307,0.26666666666666666,0.3,0,1.0
2016-10-26 11:59:00,BHMBCCMKT01,0.3431542461005199,0.3333333333333333,0.3,0,1.0
2016-10-26 12:26:00,BHMBCCMKT01,0.35528596187175043,0.4666666666666667,1.0,0,0.5
2016-10-26 12:59:00,BHMBCCMKT01,0.4003466204506066,0.4666666666666667,1.0,0,1.0
2016-10-26 13:26:00,BHMBCCMKT01,0.42287694974003465,0.4666666666666667,1.0,0,1.0
2016-10-26 13:59:00,BHMBCCMKT01,0.4506065857885615,0.3333333333333333,0.3,0,1.0
2016-10-26 14:26:00,BHMBCCMKT01,0.462738301559792,0.26666666666666666,0.3,0,1.0
2016-10-26 14:59:00,BHMBCCMKT01,0.43674176776429807,0.26666666666666666,0.3,0,1.0
2016-10-26 15:26:00,BHMBCCMKT01,0.4124783362218371,0.13333333333333333,0.3,0,1.0
2016-10-26 15:59:00,BHMBCCMKT01,0.36741767764298094,0.13333333333333333,0.3,0,0.5
2016-10-26 16:32:00,BHMBCCMKT01,0.3119584055459272,0.13333333333333333,0.3,0,1.0
2016-10-27 07:59:00,BHMBCCMKT01,0.09358752166377816,0.13333333333333333,0.3,0,1.0
2016-10-27 08:32:00,BHMBCCMKT01,0.10398613518197573,0.06666666666666667,0.3,0,1.0
2016-10-27 08:59:00,BHMBCCMKT01,0.1195840554592721,0.06666666666666667,0.3,0,1.0
2016-10-27 09:32:00,BHMBCCMKT01,0.1559792027729636,0.13333333333333333,0.3,0,1.0
2016-10-27 09:59:00,BHMBCCMKT01,0.17677642980935876,0.13333333333333333,0.3,0,1.5
2016-10-27 10:25:00,BHMBCCMKT01,0.2027729636048527,0.2,0.3,0,0.5
2016-10-27 10:59:00,BHMBCCMKT01,0.2772963604852686,0.2,0.3,0,0.5
2016-10-27 11:32:00,BHMBCCMKT01,0.3275563258232236,0.3333333333333333,0.3,0,1.0
2016-10-27 11:59:00,BHMBCCMKT01,0.3587521663778163,0.4666666666666667,1.0,0,1.0
2016-10-27 12:26:00,BHMBCCMKT01,0.3847487001733102,0.5333333333333333,1.0,0,1.0
2016-10-27 12:59:00,BHMBCCMKT01,0.42807625649913345,0.3333333333333333,0.3,0,1.0
2016-10-27 13:32:00,BHMBCCMKT01,0.4696707105719237,0.4666666666666667,1.0,0,1.0
2016-10-27 13:59:00,BHMBCCMKT01,0.48353552859618715,0.3333333333333333,0.3,0,1.0
2016-10-27 14:26:00,BHMBCCMKT01,0.4852686308492201,0.26666666666666666,0.3,0,1.5
2016-10-27 14:59:00,BHMBCCMKT01,0.4610051993067591,0.2,0.3,0,0.5
2016-10-27 15:26:00,BHMBCCMKT01,0.4558058925476603,0.2,0.3,0,1.0
2016-10-27 15:59:00,BHMBCCMKT01,0.41767764298093585,0.2,0.3,0,1.0
2016-10-27 16:26:00,BHMBCCMKT01,0.389948006932409,0.13333333333333333,0.3,0,1.5
2016-10-28 08:16:00,BHMBCCMKT01,0.09878682842287695,0.06666666666666667,0.3,0,1.0
2016-10-28 08:16:00,BHMBCCMKT01,0.09878682842287695,0.13333333333333333,0.3,0,1.0
2016-10-28 08:56:00,BHMBCCMKT01,0.1195840554592721,0.06666666666666667,0.3,0,1.0
2016-10-28 09:29:00,BHMBCCMKT01,0.17157712305025996,0.13333333333333333,0.3,0,0.5
2016-10-28 10:02:00,BHMBCCMKT01,0.2339688041594454,0.13333333333333333,0.3,0,1.0
2016-10-28 10:29:00,BHMBCCMKT01,0.29636048526863085,0.2,0.3,0,1.0
2016-10-28 10:56:00,BHMBCCMKT01,0.3396880415944541,0.26666666666666666,0.3,0,1.0
2016-10-28 11:29:00,BHMBCCMKT01,0.3986135181975737,0.3333333333333333,0.3,0,1.0
2016-10-28 12:02:00,BHMBCCMKT01,0.4540727902946274,0.3333333333333333,0.3,0,0.5
2016-10-28 12:29:00,BHMBCCMKT01,0.4662045060658579,0.5333333333333333,1.0,0,1.0
2016-10-28 13:02:00,BHMBCCMKT01,0.4610051993067591,0.4,1.0,0,1.0
2016-10-28 13:29:00,BHMBCCMKT01,0.47660311958405543,0.4666666666666667,1.0,0,1.0
2016-10-28 14:02:00,BHMBCCMKT01,0.512998266897747,0.3333333333333333,1.0,0,0.5
2016-10-28 14:29:00,BHMBCCMKT01,0.5025996533795494,0.3333333333333333,1.0,0,1.0
2016-10-28 15:02:00,BHMBCCMKT01,0.48873483535528595,0.13333333333333333,0.3,0,1.0
2016-10-28 15:29:00,BHMBCCMKT01,0.4662045060658579,0.13333333333333333,0.3,0,1.0
2016-10-28 16:02:00,BHMBCCMKT01,0.4436741767764298,0.06666666666666667,0.3,0,1.0
2016-10-28 16:29:00,BHMBCCMKT01,0.38128249566724437,0.13333333333333333,0.3,0,1.0
2016-10-29 07:59:00,BHMBCCMKT01,0.08838821490467938,0.06666666666666667,0.3,0,1.0
2016-10-29 08:26:00,BHMBCCMKT01,0.09705372616984402,0.06666666666666667,0.3,0,1.0
2016-10-29 08:59:00,BHMBCCMKT01,0.11438474870017332,0.13333333333333333,0.3,0,1.0
2016-10-29 09:26:00,BHMBCCMKT01,0.15771230502599654,0.13333333333333333,0.3,0,1.0
2016-10-29 09:59:00,BHMBCCMKT01,0.21490467937608318,0.13333333333333333,0.3,0,1.0
2016-10-29 10:26:00,BHMBCCMKT01,0.28422876949740034,0.2,0.3,0,0.5
2016-10-29 10:59:00,BHMBCCMKT01,0.36915077989601386,0.26666666666666666,0.3,0,1.0
2016-10-29 11:25:00,BHMBCCMKT01,0.462738301559792,0.3333333333333333,0.3,0,1.0
2016-10-29 12:06:00,BHMBCCMKT01,0.5441941074523396,0.3333333333333333,0.3,0,0.5
2016-10-29 12:26:00,BHMBCCMKT01,0.587521663778163,0.5333333333333333,1.0,0,1.0
2016-10-29 12:59:00,BHMBCCMKT01,0.58578856152513,0.4,0.3,0,0.5
2016-10-29 13:26:00,BHMBCCMKT01,0.6377816291161178,0.5333333333333333,1.0,0,1.0
2016-10-29 13:59:00,BHMBCCMKT01,0.634315424610052,0.3333333333333333,0.3,0,0.5
2016-10-29 14:26:00,BHMBCCMKT01,0.6481802426343154,0.26666666666666666,0.3,0,1.0
2016-10-29 14:59:00,BHMBCCMKT01,0.7175043327556326,0.26666666666666666,0.3,0,0.5
2016-10-29 15:26:00,BHMBCCMKT01,0.7227036395147314,0.13333333333333333,0.3,0,1.0
2016-10-29 15:59:00,BHMBCCMKT01,0.7227036395147314,0.2,0.3,0,1.0
2016-10-29 16:26:00,BHMBCCMKT01,0.6395147313691508,0.06666666666666667,0.3,0,1.0
2016-10-30 07:59:00,BHMBCCMKT01,0.07452339688041594,0.13333333333333333,0.3,1,1.0
2016-10-30 07:59:00,BHMBCCMKT01,0.07452339688041594,0.13333333333333333,0.3,1,1.0
2016-10-30 07:59:00,BHMBCCMKT01,0.07452339688041594,0.13333333333333333,0.3,1,1.0
2016-10-30 08:25:00,BHMBCCMKT01,0.07625649913344887,0.13333333333333333,0.3,1,0.5
2016-10-30 08:59:00,BHMBCCMKT01,0.0779896013864818,0.13333333333333333,0.3,1,0.5
2016-10-30 09:25:00,BHMBCCMKT01,0.07625649913344887,0.13333333333333333,0.3,1,0.5
2016-10-30 09:59:00,BHMBCCMKT01,0.08145580589254767,0.13333333333333333,0.3,1,1.0
2016-10-30 10:25:00,BHMBCCMKT01,0.10571923743500866,0.2,0.3,1,1.0
2016-10-30 10:59:00,BHMBCCMKT01,0.14558058925476602,0.26666666666666666,0.3,1,1.0
2016-10-30 11:25:00,BHMBCCMKT01,0.1854419410745234,0.4,0.3,1,1.0
2016-10-30 11:59:00,BHMBCCMKT01,0.21143847487001732,0.4666666666666667,1.0,1,1.0
2016-10-30 12:26:00,BHMBCCMKT01,0.24610051993067592,0.6,1.0,1,1.5
2016-10-30 13:06:00,BHMBCCMKT01,0.292894280762565,0.5333333333333333,1.0,1,1.0
2016-10-30 13:25:00,BHMBCCMKT01,0.30675909878682844,0.6,1.0,1,1.0
2016-10-30 13:59:00,BHMBCCMKT01,0.31542461005199307,0.4,0.3,1,1.0
2016-10-30 14:32:00,BHMBCCMKT01,0.317157712305026,0.4666666666666667,1.0,1,1.0
2016-10-30 15:00:00,BHMBCCMKT01,0.2720970537261698,0.2,0.3,1,0.5
2016-10-30 15:32:00,BHMBCCMKT01,0.25476603119584057,0.2,0.3,1,1.0
2016-10-31 08:00:00,BHMBCCMKT01,0.08492201039861352,0.06666666666666667,0.3,0,1.0
2016-10-31 08:26:00,BHMBCCMKT01,0.10051993067590988,0.13333333333333333,0.3,0,1.5
2016-10-31 09:00:00,BHMBCCMKT01,0.11611785095320624,0.06666666666666667,0.3,0,1.0
2016-10-31 09:26:00,BHMBCCMKT01,0.15944540727902945,0.13333333333333333,0.3,0,1.0
2016-10-31 10:00:00,BHMBCCMKT01,0.1923743500866551,0.13333333333333333,0.3,0,1.0
2016-10-31 10:26:00,BHMBCCMKT01,0.22357019064124783,0.2,0.3,0,1.0
2016-10-31 11:00:00,BHMBCCMKT01,0.2876949740034662,0.26666666666666666,0.3,0,1.0
2016-10-31 11:26:00,BHMBCCMKT01,0.30849220103986136,0.26666666666666666,0.3,0,1.0
2016-10-31 12:00:00,BHMBCCMKT01,0.3431542461005199,0.4666666666666667,1.0,0,1.5
2016-10-31 12:26:00,BHMBCCMKT01,0.34488734835355284,0.4666666666666667,1.0,0,0.5
2016-10-31 13:00:00,BHMBCCMKT01,0.3431542461005199,0.4666666666666667,1.0,0,1.0
2016-10-31 13:26:00,BHMBCCMKT01,0.3483535528596187,0.4,1.0,0,0.5
2016-10-31 13:59:00,BHMBCCMKT01,0.3275563258232236,0.26666666666666666,0.3,0,0.5
2016-10-31 14:26:00,BHMBCCMKT01,0.32062391681109187,0.26666666666666666,0.3,0,1.0
2016-10-31 15:00:00,BHMBCCMKT01,0.2772963604852686,0.13333333333333333,0.3,0,1.0
2016-10-31 15:27:00,BHMBCCMKT01,0.24436741767764297,0.13333333333333333,0.3,0,1.0
2016-10-31 16:00:00,BHMBCCMKT01,0.22530329289428075,0.13333333333333333,0.3,0,1.0
2016-10-31 16:26:00,BHMBCCMKT01,0.2097053726169844,0.13333333333333333,0.3,0,1.0
2016-11-01 08:06:00,BHMBCCMKT01,0.08665511265164645,0.06666666666666667,0.3,0,1.0
2016-11-01 08:26:00,BHMBCCMKT01,0.09358752166377816,0.06666666666666667,0.3,0,1.0
2016-11-01 09:00:00,BHMBCCMKT01,0.1195840554592721,0.13333333333333333,0.3,0,1.0
2016-11-01 09:26:00,BHMBCCMKT01,0.15771230502599654,0.06666666666666667,0.3,0,1.0
2016-11-01 10:00:00,BHMBCCMKT01,0.2339688041594454,0.2,0.3,0,1.5
2016-11-01 10:26:00,BHMBCCMKT01,0.2824956672443674,0.26666666666666666,0.3,0,1.5
2016-11-01 11:00:00,BHMBCCMKT01,0.32062391681109187,0.3333333333333333,0.3,0,1.0
2016-11-01 11:26:00,BHMBCCMKT01,0.3587521663778163,0.26666666666666666,0.3,0,0.5
2016-11-01 12:00:00,BHMBCCMKT01,0.41421143847487,0.4666666666666667,1.0,0,1.0
2016-11-01 12:26:00,BHMBCCMKT01,0.42287694974003465,0.4666666666666667,1.0,0,1.0
2016-11-01 13:00:00,BHMBCCMKT01,0.42114384748700173,0.5333333333333333,1.0,0,1.0
2016-11-01 13:26:00,BHMBCCMKT01,0.41767764298093585,0.4666666666666667,1.0,0,1.0
2016-11-01 14:00:00,BHMBCCMKT01,0.3968804159445407,0.26666666666666666,0.3,0,1.0
2016-11-01 14:26:00,BHMBCCMKT01,0.34488734835355284,0.2,0.3,0,1.5
2016-11-01 15:00:00,BHMBCCMKT01,0.3119584055459272,0.13333333333333333,0.3,0,0.5
2016-11-01 15:27:00,BHMBCCMKT01,0.28942807625649913,0.13333333333333333,0.3,0,0.5
2016-11-01 16:00:00,BHMBCCMKT01,0.2651646447140381,0.06666666666666667,0.3,0,1.0
2016-11-01 16:33:00,BHMBCCMKT01,0.23050259965337955,0.06666666666666667,0.3,0,1.0
2016-11-02 07:56:00,BHMBCCMKT01,0.08665511265164645,0.06666666666666667,0.3,0,0.5
2016-11-02 08:30:00,BHMBCCMKT01,0.09012131715771231,0.06666666666666667,0.3,0,1.0
2016-11-02 08:56:00,BHMBCCMKT01,0.09878682842287695,0.13333333333333333,0.3,0,1.0
2016-11-02 09:30:00,BHMBCCMKT01,0.14038128249566725,0.13333333333333333,0.3,0,1.0
2016-11-02 09:56:00,BHMBCCMKT01,0.1681109185441941,0.13333333333333333,0.3,0,1.0
2016-11-02 10:29:00,BHMBCCMKT01,0.21663778162911612,0.2,0.3,0,1.0
2016-11-02 10:56:00,BHMBCCMKT01,0.24956672443674177,0.2,0.3,0,1.0
2016-11-02 11:30:00,BHMBCCMKT01,0.28942807625649913,0.26666666666666666,0.3,0,1.0
2016-11-02 11:56:00,BHMBCCMKT01,0.292894280762565,0.3333333333333333,0.3,0,0.5
2016-11-02 12:30:00,BHMBCCMKT01,0.3188908145580589,0.4666666666666667,1.0,0,1.0
2016-11-02 13:03:00,BHMBCCMKT01,0.3327556325823224,0.26666666666666666,0.3,0,1.0
2016-11-02 13:30:00,BHMBCCMKT01,0.32582322357019067,0.26666666666666666,0.3,0,1.0
2016-11-02 14:03:00,BHMBCCMKT01,0.32582322357019067,0.2,0.3,0,0.5
2016-11-02 14:30:00,BHMBCCMKT01,0.29636048526863085,0.2,0.3,0,1.0
2016-11-02 14:56:00,BHMBCCMKT01,0.2651646447140381,0.26666666666666666,0.3,0,1.0
2016-11-02 15:29:00,BHMBCCMKT01,0.22530329289428075,0.2,0.3,0,0.5
2016-11-02 16:03:00,BHMBCCMKT01,0.21663778162911612,0.13333333333333333,0.3,0,1.0
2016-11-02 16:30:00,BHMBCCMKT01,0.19930675909878684,0.13333333333333333,0.3,0,1.0
2016-11-03 08:00:00,BHMBCCMKT01,0.08838821490467938,0.06666666666666667,0.3,0,1.0
2016-11-03 08:26:00,BHMBCCMKT01,0.09705372616984402,0.06666666666666667,0.3,0,1.0
2016-11-03 09:00:00,BHMBCCMKT01,0.10398613518197573,0.06666666666666667,0.3,0,1.0
2016-11-03 09:26:00,BHMBCCMKT01,0.1386481802426343,0.06666666666666667,0.3,0,1.0
2016-11-03 10:00:00,BHMBCCMKT01,0.20623916811091855,0.2,0.3,0,1.0
2016-11-03 10:26:00,BHMBCCMKT01,0.2391681109185442,0.13333333333333333,0.3,0,1.0
2016-11-03 11:00:00,BHMBCCMKT01,0.32062391681109187,0.3333333333333333,0.3,0,1.0
2016-11-03 11:26:00,BHMBCCMKT01,0.3379549393414211,0.4,1.0,0,1.0
2016-11-03 12:00:00,BHMBCCMKT01,0.3379549393414211,0.4666666666666667,1.0,0,1.0
2016-11-03 12:26:00,BHMBCCMKT01,0.3310225303292894,0.4666666666666667,1.0,0,1.5
2016-11-03 12:59:00,BHMBCCMKT01,0.3396880415944541,0.4666666666666667,1.0,0,1.5
2016-11-03 13:26:00,BHMBCCMKT01,0.3310225303292894,0.4666666666666667,1.0,0,1.5
2016-11-03 13:59:00,BHMBCCMKT01,0.3240901213171577,0.3333333333333333,0.3,0,1.0
2016-11-03 14:26:00,BHMBCCMKT01,0.30675909878682844,0.3333333333333333,1.0,0,1.0
2016-11-03 15:00:00,BHMBCCMKT01,0.2668977469670711,0.2,0.3,0,1.0
2016-11-03 15:26:00,BHMBCCMKT01,0.24610051993067592,0.13333333333333333,0.3,0,1.0
2016-11-03 16:03:00,BHMBCCMKT01,0.20797227036395147,0.06666666666666667,0.3,0,1.0
2016-11-03 16:30:00,BHMBCCMKT01,0.18717504332755633,0.13333333333333333,0.3,0,1.0
2016-11-04 08:00:00,BHMBCCMKT01,0.0831889081455806,0.06666666666666667,0.3,0,0.5
2016-11-04 08:26:00,BHMBCCMKT01,0.09705372616984402,0.06666666666666667,0.3,0,0.5
2016-11-04 08:59:00,BHMBCCMKT01,0.12305025996533796,0.06666666666666667,0.3,0,0.5
2016-11-04 09:33:00,BHMBCCMKT01,0.1681109185441941,0.06666666666666667,0.3,0,1.0
2016-11-04 10:00:00,BHMBCCMKT01,0.19930675909878684,0.13333333333333333,0.3,0,1.5
2016-11-04 10:26:00,BHMBCCMKT01,0.2339688041594454,0.2,0.3,0,1.0
2016-11-04 11:00:00,BHMBCCMKT01,0.2668977469670711,0.4,1.0,0,0.5
2016-11-04 11:33:00,BHMBCCMKT01,0.31022530329289427,0.4,1.0,0,1.5
2016-11-04 12:00:00,BHMBCCMKT01,0.317157712305026,0.4666666666666667,1.0,0,1.0
2016-11-04 12:33:00,BHMBCCMKT01,0.31542461005199307,0.4,1.0,0,1.0
2016-11-04 13:00:00,BHMBCCMKT01,0.29636048526863085,0.4,1.0,0,1.0
2016-11-04 13:26:00,BHMBCCMKT01,0.29982668977469673,0.4,1.0,0,1.0
2016-11-04 13:59:00,BHMBCCMKT01,0.31022530329289427,0.26666666666666666,0.3,0,1.0
2016-11-04 14:26:00,BHMBCCMKT01,0.28942807625649913,0.2,0.3,0,1.0
2016-11-04 15:00:00,BHMBCCMKT01,0.2703639514731369,0.13333333333333333,0.3,0,1.0
2016-11-04 15:26:00,BHMBCCMKT01,0.2512998266897747,0.13333333333333333,0.3,0,0.5
2016-11-04 16:00:00,BHMBCCMKT01,0.23570190641247835,0.13333333333333333,0.3,0,1.0
2016-11-04 16:26:00,BHMBCCMKT01,0.20623916811091855,0.06666666666666667,0.3,0,0.5
2016-11-05 08:00:00,BHMBCCMKT01,0.07452339688041594,0.13333333333333333,0.3,0,1.0
2016-11-05 08:26:00,BHMBCCMKT01,0.0831889081455806,0.06666666666666667,0.3,0,0.5
2016-11-05 08:59:00,BHMBCCMKT01,0.1022530329289428,0.06666666666666667,0.3,0,1.0
2016-11-05 09:26:00,BHMBCCMKT01,0.1559792027729636,0.13333333333333333,0.3,0,1.0
2016-11-05 09:59:00,BHMBCCMKT01,0.2339688041594454,0.06666666666666667,0.3,0,1.0
2016-11-05 10:33:00,BHMBCCMKT01,0.31369150779896016,0.2,0.3,0,1.0
2016-11-05 10:59:00,BHMBCCMKT01,0.3882149046793761,0.26666666666666666,0.3,0,0.5
2016-11-05 11:26:00,BHMBCCMKT01,0.42114384748700173,0.3333333333333333,0.3,0,1.0
2016-11-05 12:06:00,BHMBCCMKT01,0.48180242634315423,0.5333333333333333,1.0,0,1.0
2016-11-05 12:26:00,BHMBCCMKT01,0.49913344887348354,0.4666666666666667,1.0,0,1.0
2016-11-05 13:00:00,BHMBCCMKT01,0.5736568457538995,0.4666666666666667,1.0,0,0.5
2016-11-05 13:33:00,BHMBCCMKT01,0.608318890814558,0.4666666666666667,1.0,0,1.0
2016-11-05 13:59:00,BHMBCCMKT01,0.6256499133448874,0.3333333333333333,0.3,0,0.5
2016-11-05 14:26:00,BHMBCCMKT01,0.5996533795493935,0.26666666666666666,0.3,0,1.0
2016-11-05 15:00:00,BHMBCCMKT01,0.6395147313691508,0.2,0.3,0,1.0
2016-11-05 15:26:00,BHMBCCMKT01,0.6759098786828422,0.13333333333333333,0.3,0,1.0
2016-11-05 16:00:00,BHMBCCMKT01,0.6377816291161178,0.13333333333333333,0.3,0,1.0
2016-11-05 16:26:00,BHMBCCMKT01,0.5892547660311959,0.13333333333333333,0.3,0,1.0
2016-11-06 08:00:00,BHMBCCMKT01,0.060658578856152515,0.13333333333333333,0.3,1,1.0
2016-11-06 08:26:00,BHMBCCMKT01,0.060658578856152515,0.06666666666666667,0.3,1,1.5
2016-11-06 09:00:00,BHMBCCMKT01,0.06239168110918544,0.13333333333333333,0.3,1,1.0
2016-11-06 09:33:00,BHMBCCMKT01,0.06759098786828423,0.2,0.3,1,1.0
2016-11-06 10:00:00,BHMBCCMKT01,0.07972270363951472,0.2,0.3,1,1.0
2016-11-06 10:26:00,BHMBCCMKT01,0.09185441941074524,0.2,0.3,1,1.0
2016-11-06 10:59:00,BHMBCCMKT01,0.13344887348353554,0.26666666666666666,0.3,1,1.5
2016-11-06 11:26:00,BHMBCCMKT01,0.1663778162911612,0.3333333333333333,0.3,1,1.0
2016-11-06 11:59:00,BHMBCCMKT01,0.21490467937608318,0.3333333333333333,0.3,1,1.0
2016-11-06 12:26:00,BHMBCCMKT01,0.2651646447140381,0.6,1.0,1,1.0
2016-11-06 13:06:00,BHMBCCMKT01,0.30849220103986136,0.5333333333333333,1.0,1,1.0
2016-11-06 13:26:00,BHMBCCMKT01,0.32582322357019067,0.6,1.0,1,1.0
2016-11-06 13:59:00,BHMBCCMKT01,0.37435008665511266,0.4,0.3,1,1.0
2016-11-06 14:33:00,BHMBCCMKT01,0.389948006932409,0.5333333333333333,1.0,1,1.0
2016-11-06 15:00:00,BHMBCCMKT01,0.36568457538994803,0.26666666666666666,0.3,1,1.0
2016-11-06 15:26:00,BHMBCCMKT01,0.32582322357019067,0.2,0.3,1,0.5
2016-11-06 15:59:00,BHMBCCMKT01,0.2824956672443674,0.2,0.3,1,1.0
2016-11-06 16:26:00,BHMBCCMKT01,0.22530329289428075,0.13333333333333333,0.3,1,1.0
2016-11-07 08:00:00,BHMBCCMKT01,0.05199306759098787,0.06666666666666667,0.3,0,1.0
2016-11-07 08:26:00,BHMBCCMKT01,0.0658578856152513,0.06666666666666667,0.3,0,1.0
2016-11-07 08:59:00,BHMBCCMKT01,0.08492201039861352,0.06666666666666667,0.3,0,1.0
2016-11-07 09:26:00,BHMBCCMKT01,0.10571923743500866,0.13333333333333333,0.3,0,1.0
2016-11-07 09:59:00,BHMBCCMKT01,0.15077989601386482,0.13333333333333333,0.3,0,1.5
2016-11-07 10:26:00,BHMBCCMKT01,0.19064124783362218,0.13333333333333333,0.3,0,1.0
2016-11-07 10:59:00,BHMBCCMKT01,0.24610051993067592,0.3333333333333333,1.0,0,1.0
2016-11-07 11:26:00,BHMBCCMKT01,0.2720970537261698,0.4666666666666667,1.0,0,1.0
2016-11-07 11:59:00,BHMBCCMKT01,0.2720970537261698,0.26666666666666666,0.3,0,0.5
2016-11-07 12:26:00,BHMBCCMKT01,0.2772963604852686,0.3333333333333333,0.3,0,1.0
2016-11-07 12:59:00,BHMBCCMKT01,0.2668977469670711,0.4,1.0,0,1.0
2016-11-07 13:33:00,BHMBCCMKT01,0.27902946273830154,0.4,1.0,0,1.0
2016-11-07 13:59:00,BHMBCCMKT01,0.2807625649913345,0.3333333333333333,0.3,0,1.0
2016-11-07 14:33:00,BHMBCCMKT01,0.2703639514731369,0.2,0.3,0,0.5
2016-11-07 15:00:00,BHMBCCMKT01,0.2564991334488735,0.2,0.3,0,1.0
2016-11-07 15:33:00,BHMBCCMKT01,0.21490467937608318,0.13333333333333333,0.3,0,1.0
2016-11-07 16:00:00,BHMBCCMKT01,0.20623916811091855,0.13333333333333333,0.3,0,1.0
2016-11-07 16:33:00,BHMBCCMKT01,0.2045060658578856,0.13333333333333333,0.3,0,1.0
2016-11-08 07:59:00,BHMBCCMKT01,0.058925476603119586,0.06666666666666667,0.3,0,1.0
2016-11-08 08:26:00,BHMBCCMKT01,0.06239168110918544,0.06666666666666667,0.3,0,1.0
2016-11-08 08:59:00,BHMBCCMKT01,0.07972270363951472,0.06666666666666667,0.3,0,1.0
2016-11-08 09:26:00,BHMBCCMKT01,0.11785095320623917,0.13333333333333333,0.3,0,1.0
2016-11-08 09:59:00,BHMBCCMKT01,0.19410745233968804,0.13333333333333333,0.3,0,1.0
2016-11-08 10:33:00,BHMBCCMKT01,0.25996533795493937,0.2,0.3,0,1.0
2016-11-08 11:00:00,BHMBCCMKT01,0.30849220103986136,0.3333333333333333,0.3,0,0.5
2016-11-08 11:33:00,BHMBCCMKT01,0.3396880415944541,0.26666666666666666,0.3,0,1.0
2016-11-08 11:59:00,BHMBCCMKT01,0.4090121317157712,0.3333333333333333,0.3,0,1.0
2016-11-08 12:27:00,BHMBCCMKT01,0.43327556325823224,0.5333333333333333,1.0,0,1.0
2016-11-08 13:00:00,BHMBCCMKT01,0.43847487001733104,0.4666666666666667,1.0,0,1.0
2016-11-08 13:34:00,BHMBCCMKT01,0.41074523396880414,0.4666666666666667,1.0,0,0.5
2016-11-08 14:00:00,BHMBCCMKT01,0.38648180242634317,0.2,0.3,0,0.5
2016-11-08 14:26:00,BHMBCCMKT01,0.3396880415944541,0.2,0.3,0,1.0
2016-11-08 15:00:00,BHMBCCMKT01,0.2824956672443674,0.2,1.0,0,1.5
2016-11-08 15:33:00,BHMBCCMKT01,0.24956672443674177,0.13333333333333333,0.3,0,0.5
2016-11-08 16:01:00,BHMBCCMKT01,0.22010398613518198,0.13333333333333333,0.3,0,1.0
2016-11-08 16:34:00,BHMBCCMKT01,0.18370883882149047,0.06666666666666667,0.3,0,1.0
2016-11-09 08:00:00,BHMBCCMKT01,0.05545927209705372,0.06666666666666667,0.3,0,1.0
2016-11-09 08:27:00,BHMBCCMKT01,0.06412478336221837,0.06666666666666667,0.3,0,1.0
2016-11-09 09:00:00,BHMBCCMKT01,0.07452339688041594,0.13333333333333333,0.3,0,1.0
2016-11-09 09:34:00,BHMBCCMKT01,0.10571923743500866,0.13333333333333333,0.3,0,1.0
2016-11-09 10:00:00,BHMBCCMKT01,0.15251299826689774,0.13333333333333333,0.3,0,1.5
2016-11-09 10:27:00,BHMBCCMKT01,0.1854419410745234,0.2,0.3,0,1.0
2016-11-09 11:00:00,BHMBCCMKT01,0.22530329289428075,0.26666666666666666,0.3,0,1.0
2016-11-09 11:27:00,BHMBCCMKT01,0.2616984402079723,0.26666666666666666,0.3,0,0.5
2016-11-09 12:00:00,BHMBCCMKT01,0.2634315424610052,0.4,1.0,0,0.5
2016-11-09 12:27:00,BHMBCCMKT01,0.2772963604852686,0.4666666666666667,1.0,0,1.0
2016-11-09 13:00:00,BHMBCCMKT01,0.29809358752166376,0.4666666666666667,1.0,0,1.0
2016-11-09 13:27:00,BHMBCCMKT01,0.29809358752166376,0.3333333333333333,0.3,0,0.5
2016-11-09 14:00:00,BHMBCCMKT01,0.2824956672443674,0.26666666666666666,0.3,0,1.0
2016-11-09 14:27:00,BHMBCCMKT01,0.2634315424610052,0.2,0.3,0,1.0
2016-11-09 15:00:00,BHMBCCMKT01,0.2322357019064125,0.13333333333333333,0.3,0,1.5
2016-11-09 15:34:00,BHMBCCMKT01,0.21490467937608318,0.13333333333333333,0.3,0,1.0
2016-11-09 16:00:00,BHMBCCMKT01,0.18717504332755633,0.13333333333333333,0.3,0,1.0
2016-11-09 16:34:00,BHMBCCMKT01,0.16291161178509533,0.13333333333333333,0.3,0,1.5
2016-11-10 08:00:00,BHMBCCMKT01,0.06239168110918544,0.06666666666666667,0.3,0,0.5
2016-11-10 08:34:00,BHMBCCMKT01,0.07105719237435008,0.13333333333333333,0.3,0,1.0
2016-11-10 09:00:00,BHMBCCMKT01,0.08492201039861352,0.06666666666666667,0.3,0,1.0
2016-11-10 09:27:00,BHMBCCMKT01,0.11265164644714037,0.06666666666666667,0.3,0,1.0
2016-11-10 10:00:00,BHMBCCMKT01,0.1611785095320624,0.13333333333333333,0.3,0,1.0
2016-11-10 10:27:00,BHMBCCMKT01,0.21837088388214904,0.13333333333333333,0.3,0,1.0
2016-11-10 11:00:00,BHMBCCMKT01,0.2772963604852686,0.3333333333333333,0.3,0,1.0
2016-11-10 11:27:00,BHMBCCMKT01,0.3223570190641248,0.26666666666666666,0.3,0,1.0
2016-11-10 12:00:00,BHMBCCMKT01,0.3483535528596187,0.3333333333333333,0.3,0,0.5
2016-11-10 12:27:00,BHMBCCMKT01,0.36048526863084923,0.4666666666666667,1.0,0,1.0
2016-11-10 13:00:00,BHMBCCMKT01,0.36048526863084923,0.4,1.0,0,1.0
2016-11-10 13:34:00,BHMBCCMKT01,0.3466204506065858,0.4666666666666667,1.0,0,1.0
2016-11-10 14:00:00,BHMBCCMKT01,0.3483535528596187,0.3333333333333333,1.0,0,1.0
2016-11-10 14:27:00,BHMBCCMKT01,0.3292894280762565,0.2,0.3,0,1.0
2016-11-10 15:00:00,BHMBCCMKT01,0.2807625649913345,0.13333333333333333,0.3,0,1.0
2016-11-10 15:27:00,BHMBCCMKT01,0.2651646447140381,0.13333333333333333,0.3,0,1.0
2016-11-10 16:00:00,BHMBCCMKT01,0.25476603119584057,0.06666666666666667,0.3,0,1.0
2016-11-10 16:27:00,BHMBCCMKT01,0.23570190641247835,0.13333333333333333,0.3,0,1.0
2016-11-11 08:00:00,BHMBCCMKT01,0.06759098786828423,0.06666666666666667,0.3,0,1.0
2016-11-11 08:27:00,BHMBCCMKT01,0.07279029462738301,0.06666666666666667,0.3,0,1.0
2016-11-11 09:00:00,BHMBCCMKT01,0.10918544194107452,0.13333333333333333,0.3,0,1.5
2016-11-11 09:27:00,BHMBCCMKT01,0.14211438474870017,0.13333333333333333,0.3,0,1.0
2016-11-11 10:00:00,BHMBCCMKT01,0.21143847487001732,0.13333333333333333,0.3,0,1.0
2016-11-11 10:27:00,BHMBCCMKT01,0.25476603119584057,0.13333333333333333,0.3,0,1.0
2016-11-11 11:00:00,BHMBCCMKT01,0.292894280762565,0.3333333333333333,0.3,0,1.0
2016-11-11 11:27:00,BHMBCCMKT01,0.3310225303292894,0.26666666666666666,0.3,0,1.0
2016-11-11 12:00:00,BHMBCCMKT01,0.32582322357019067,0.4666666666666667,1.0,0,1.0
2016-11-11 12:27:00,BHMBCCMKT01,0.30849220103986136,0.4666666666666667,1.0,0,1.0
2016-11-11 13:00:00,BHMBCCMKT01,0.28422876949740034,0.4,1.0,0,1.0
2016-11-11 13:34:00,BHMBCCMKT01,0.2876949740034662,0.4,1.0,0,1.0
2016-11-11 14:00:00,BHMBCCMKT01,0.29462738301559793,0.2,0.3,0,1.0
2016-11-11 14:27:00,BHMBCCMKT01,0.27902946273830154,0.2,0.3,0,1.0
2016-11-11 15:00:00,BHMBCCMKT01,0.2807625649913345,0.2,0.3,0,0.5
2016-11-11 15:34:00,BHMBCCMKT01,0.24610051993067592,0.13333333333333333,0.3,0,1.0
2016-11-11 16:00:00,BHMBCCMKT01,0.2391681109185442,0.06666666666666667,0.3,0,1.0
2016-11-11 16:34:00,BHMBCCMKT01,0.21490467937608318,0.13333333333333333,0.3,0,1.0
2016-11-12 08:00:00,BHMBCCMKT01,0.05719237435008666,0.06666666666666667,0.3,0,1.0
2016-11-12 08:27:00,BHMBCCMKT01,0.06412478336221837,0.13333333333333333,0.3,0,1.0
2016-11-12 09:00:00,BHMBCCMKT01,0.08665511265164645,0.06666666666666667,0.3,0,1.0
2016-11-12 09:27:00,BHMBCCMKT01,0.1265164644714038,0.13333333333333333,0.3,0,1.5
2016-11-12 10:00:00,BHMBCCMKT01,0.21490467937608318,0.2,0.3,0,1.0
2016-11-12 10:27:00,BHMBCCMKT01,0.2755632582322357,0.13333333333333333,0.3,0,1.0
2016-11-12 11:00:00,BHMBCCMKT01,0.36741767764298094,0.26666666666666666,0.3,0,1.0
2016-11-12 11:34:00,BHMBCCMKT01,0.43500866551126516,0.3333333333333333,0.3,0,1.0
2016-11-12 12:00:00,BHMBCCMKT01,0.5043327556325823,0.4666666666666667,1.0,0,1.0
2016-11-12 12:27:00,BHMBCCMKT01,0.5303292894280762,0.4666666666666667,1.0,0,0.5
2016-11-12 13:00:00,BHMBCCMKT01,0.5563258232235702,0.4666666666666667,1.0,0,1.5
2016-11-12 13:27:00,BHMBCCMKT01,0.5909878682842288,0.5333333333333333,1.0,0,1.0
2016-11-12 14:00:00,BHMBCCMKT01,0.6637781629116117,0.26666666666666666,0.3,0,1.0
2016-11-12 14:27:00,BHMBCCMKT01,0.7209705372616985,0.4,1.0,0,1.0
2016-11-12 15:00:00,BHMBCCMKT01,0.7781629116117851,0.2,0.3,0,1.0
2016-11-12 15:27:00,BHMBCCMKT01,0.7660311958405546,0.13333333333333333,0.3,0,1.0
2016-11-12 16:00:00,BHMBCCMKT01,0.7244367417677643,0.13333333333333333,0.3,0,1.0
2016-11-12 16:34:00,BHMBCCMKT01,0.6169844020797227,0.13333333333333333,0.3,0,1.0
2016-11-13 08:00:00,BHMBCCMKT01,0.03986135181975736,0.06666666666666667,0.3,1,1.0
2016-11-13 08:27:00,BHMBCCMKT01,0.0415944540727903,0.13333333333333333,0.3,1,1.0
2016-11-13 09:00:00,BHMBCCMKT01,0.04679376083188908,0.13333333333333333,0.3,1,1.0
2016-11-13 09:34:00,BHMBCCMKT01,0.04852686308492201,0.13333333333333333,0.3,1,1.5
2016-11-13 10:00:00,BHMBCCMKT01,0.05545927209705372,0.2,0.3,1,1.0
2016-11-13 10:33:00,BHMBCCMKT01,0.07972270363951472,0.26666666666666666,0.3,1,1.0
2016-11-13 11:00:00,BHMBCCMKT01,0.1195840554592721,0.3333333333333333,0.3,1,1.0
2016-11-13 11:27:00,BHMBCCMKT01,0.16464471403812825,0.4,0.3,1,0.5
2016-11-13 12:00:00,BHMBCCMKT01,0.2218370883882149,0.6,1.0,1,1.0
2016-11-13 12:27:00,BHMBCCMKT01,0.2668977469670711,0.6666666666666666,1.0,1,0.5
2016-11-13 13:07:00,BHMBCCMKT01,0.3310225303292894,0.6,1.0,1,1.0
2016-11-13 13:33:00,BHMBCCMKT01,0.3535528596187175,0.6,1.0,1,1.0
2016-11-13 14:00:00,BHMBCCMKT01,0.38128249566724437,0.3333333333333333,0.3,1,1.0
2016-11-13 14:27:00,BHMBCCMKT01,0.4038128249566724,0.3333333333333333,0.3,1,1.0
2016-11-13 15:00:00,BHMBCCMKT01,0.38128249566724437,0.26666666666666666,0.3,1,1.0
2016-11-13 15:27:00,BHMBCCMKT01,0.35528596187175043,0.2,0.3,1,1.0
2016-11-13 16:00:00,BHMBCCMKT01,0.29462738301559793,0.2,0.3,1,1.0
2016-11-13 16:27:00,BHMBCCMKT01,0.23050259965337955,0.2,0.3,1,1.0
2016-11-14 08:00:00,BHMBCCMKT01,0.053726169844020795,0.06666666666666667,0.3,0,1.5
2016-11-14 08:33:00,BHMBCCMKT01,0.06239168110918544,0.06666666666666667,0.3,0,1.0
2016-11-14 09:00:00,BHMBCCMKT01,0.07279029462738301,0.06666666666666667,0.3,0,1.0
2016-11-14 09:27:00,BHMBCCMKT01,0.10571923743500866,0.13333333333333333,0.3,0,1.0
2016-11-14 10:00:00,BHMBCCMKT01,0.14731369150779897,0.13333333333333333,0.3,0,1.0
2016-11-14 10:27:00,BHMBCCMKT01,0.17157712305025996,0.2,0.3,0,1.0
2016-11-14 11:00:00,BHMBCCMKT01,0.22357019064124783,0.2,0.3,0,1.5
2016-11-14 11:27:00,BHMBCCMKT01,0.2339688041594454,0.4,1.0,0,1.0
2016-11-14 12:00:00,BHMBCCMKT01,0.2738301559792028,0.4666666666666667,1.0,0,1.0
2016-11-14 12:27:00,BHMBCCMKT01,0.2668977469670711,0.4666666666666667,1.0,0,1.0
2016-11-14 13:00:00,BHMBCCMKT01,0.2824956672443674,0.4,1.0,0,0.5
2016-11-14 13:27:00,BHMBCCMKT01,0.2634315424610052,0.4,1.0,0,1.5
2016-11-14 14:00:00,BHMBCCMKT01,0.24783362218370883,0.2,0.3,0,1.0
2016-11-14 14:33:00,BHMBCCMKT01,0.21837088388214904,0.26666666666666666,0.3,0,1.0
2016-11-14 15:00:00,BHMBCCMKT01,0.2097053726169844,0.13333333333333333,0.3,0,1.5
2016-11-14 15:27:00,BHMBCCMKT01,0.19584055459272098,0.13333333333333333,0.3,0,0.5
2016-11-14 16:00:00,BHMBCCMKT01,0.17850953206239167,0.06666666666666667,0.3,0,1.0
2016-11-14 16:27:00,BHMBCCMKT01,0.15424610051993068,0.06666666666666667,0.3,0,1.0
2016-11-15 07:57:00,BHMBCCMKT01,0.05545927209705372,0.06666666666666667,0.3,0,1.0
2016-11-15 08:30:00,BHMBCCMKT01,0.0658578856152513,0.06666666666666667,0.3,0,1.5
2016-11-15 08:57:00,BHMBCCMKT01,0.08145580589254767,0.06666666666666667,0.3,0,1.0
2016-11-15 09:30:00,BHMBCCMKT01,0.1369150779896014,0.13333333333333333,0.3,0,1.0
2016-11-15 09:57:00,BHMBCCMKT01,0.19584055459272098,0.13333333333333333,0.3,0,1.0
2016-11-15 10:30:00,BHMBCCMKT01,0.29636048526863085,0.2,0.3,0,1.0
2016-11-15 11:03:00,BHMBCCMKT01,0.36221837088388215,0.4,1.0,0,1.0
2016-11-15 11:30:00,BHMBCCMKT01,0.39168110918544197,0.3333333333333333,0.3,0,1.0
2016-11-15 11:57:00,BHMBCCMKT01,0.3934142114384749,0.4,1.0,0,0.5
2016-11-15 12:30:00,BHMBCCMKT01,0.3847487001733102,0.4666666666666667,1.0,0,1.0
2016-11-15 12:57:00,BHMBCCMKT01,0.3986135181975737,0.4666666666666667,1.0,0,1.0
2016-11-15 13:30:00,BHMBCCMKT01,0.4038128249566724,0.26666666666666666,0.3,0,1.0
2016-11-15 14:03:00,BHMBCCMKT01,0.42980935875216636,0.26666666666666666,0.3,0,1.0
2016-11-15 14:30:00,BHMBCCMKT01,0.37435008665511266,0.2,0.3,0,0.5
2016-11-15 15:03:00,BHMBCCMKT01,0.29462738301559793,0.13333333333333333,0.3,0,1.0
2016-11-15 15:30:00,BHMBCCMKT01,0.2738301559792028,0.2,0.3,0,0.5
2016-11-15 15:57:00,BHMBCCMKT01,0.23570190641247835,0.13333333333333333,0.3,0,0.5
2016-11-15 16:30:00,BHMBCCMKT01,0.1975736568457539,0.13333333333333333,0.3,0,1.0
2016-11-16 08:00:00,BHMBCCMKT01,0.0658578856152513,0.13333333333333333,0.3,0,1.0
2016-11-16 08:27:00,BHMBCCMKT01,0.06932409012131716,0.13333333333333333,0.3,0,1.0
2016-11-16 09:00:00,BHMBCCMKT01,0.09358752166377816,0.06666666666666667,0.3,0,1.0
2016-11-16 09:27:00,BHMBCCMKT01,0.11091854419410745,0.06666666666666667,0.3,0,0.5
2016-11-16 10:00:00,BHMBCCMKT01,0.17157712305025996,0.13333333333333333,0.3,0,1.0
2016-11-16 10:33:00,BHMBCCMKT01,0.22357019064124783,0.2,0.3,0,1.0
2016-11-16 11:00:00,BHMBCCMKT01,0.2582322357019064,0.26666666666666666,0.3,0,1.5
2016-11-16 11:27:00,BHMBCCMKT01,0.2824956672443674,0.26666666666666666,0.3,0,0.5
2016-11-16 12:00:00,BHMBCCMKT01,0.30155979202772965,0.3333333333333333,0.3,0,0.5
2016-11-16 12:27:00,BHMBCCMKT01,0.29809358752166376,0.4666666666666667,1.0,0,1.0
2016-11-16 13:00:00,BHMBCCMKT01,0.3050259965337955,0.4,1.0,0,1.0
2016-11-16 13:27:00,BHMBCCMKT01,0.3240901213171577,0.4,1.0,0,1.0
2016-11-16 14:00:00,BHMBCCMKT01,0.31542461005199307,0.2,0.3,0,0.5
2016-11-16 14:27:00,BHMBCCMKT01,0.31369150779896016,0.26666666666666666,1.0,0,1.0
2016-11-16 15:00:00,BHMBCCMKT01,0.2755632582322357,0.13333333333333333,0.3,0,1.0
2016-11-16 15:33:00,BHMBCCMKT01,0.2512998266897747,0.13333333333333333,0.3,0,1.0
2016-11-16 16:00:00,BHMBCCMKT01,0.24263431542461006,0.06666666666666667,0.3,0,1.0
2016-11-16 16:33:00,BHMBCCMKT01,0.21663778162911612,0.13333333333333333,0.3,0,1.0
2016-11-17 08:04:00,BHMBCCMKT01,0.058925476603119586,0.06666666666666667,0.3,0,0.5
2016-11-17 08:31:00,BHMBCCMKT01,0.0658578856152513,0.13333333333333333,0.3,0,1.0
2016-11-17 09:03:00,BHMBCCMKT01,0.08838821490467938,0.06666666666666667,0.3,0,1.0
2016-11-17 09:31:00,BHMBCCMKT01,0.1195840554592721,0.13333333333333333,0.3,0,1.0
2016-11-17 09:57:00,BHMBCCMKT01,0.18717504332755633,0.13333333333333333,0.3,0,1.0
2016-11-17 10:31:00,BHMBCCMKT01,0.2530329289428076,0.2,0.3,0,1.5
2016-11-17 11:04:00,BHMBCCMKT01,0.31542461005199307,0.4666666666666667,1.0,0,1.0
2016-11-17 11:31:00,BHMBCCMKT01,0.3223570190641248,0.26666666666666666,0.3,0,1.5
2016-11-17 12:04:00,BHMBCCMKT01,0.36221837088388215,0.4666666666666667,1.0,0,0.5
2016-11-17 12:31:00,BHMBCCMKT01,0.36395147313691506,0.4666666666666667,1.0,0,1.5
2016-11-17 13:04:00,BHMBCCMKT01,0.3708838821490468,0.4,1.0,0,1.0
2016-11-17 13:31:00,BHMBCCMKT01,0.36741767764298094,0.4666666666666667,1.0,0,1.0
2016-11-17 14:04:00,BHMBCCMKT01,0.3344887348353553,0.2,0.3,0,0.5
2016-11-17 14:30:00,BHMBCCMKT01,0.30329289428076256,0.26666666666666666,0.3,0,1.0
2016-11-17 14:58:00,BHMBCCMKT01,0.25996533795493937,0.26666666666666666,0.3,0,1.0
2016-11-17 15:30:00,BHMBCCMKT01,0.23570190641247835,0.13333333333333333,0.3,0,1.0
2016-11-17 15:58:00,BHMBCCMKT01,0.22530329289428075,0.13333333333333333,0.3,0,1.0
2016-11-17 16:31:00,BHMBCCMKT01,0.1975736568457539,0.13333333333333333,0.3,0,1.0
2016-11-18 08:01:00,BHMBCCMKT01,0.060658578856152515,0.06666666666666667,0.3,0,1.0
2016-11-18 08:01:00,BHMBCCMKT01,0.060658578856152515,0.06666666666666667,0.3,0,1.0
2016-11-18 08:27:00,BHMBCCMKT01,0.06412478336221837,0.06666666666666667,0.3,0,0.5
2016-11-18 09:27:00,BHMBCCMKT01,0.1265164644714038,0.13333333333333333,0.3,0,1.5
2016-11-18 10:01:00,BHMBCCMKT01,0.2027729636048527,0.13333333333333333,0.3,0,1.0
2016-11-18 10:27:00,BHMBCCMKT01,0.2720970537261698,0.26666666666666666,0.3,0,0.5
2016-11-18 11:01:00,BHMBCCMKT01,0.3362218370883882,0.3333333333333333,0.3,0,1.0
2016-11-18 11:34:00,BHMBCCMKT01,0.341421143847487,0.26666666666666666,0.3,0,1.0
2016-11-18 12:01:00,BHMBCCMKT01,0.35528596187175043,0.4666666666666667,1.0,0,1.0
2016-11-18 12:27:00,BHMBCCMKT01,0.3344887348353553,0.4666666666666667,1.0,0,1.0
2016-11-18 13:01:00,BHMBCCMKT01,0.3483535528596187,0.4666666666666667,1.0,0,0.5
2016-11-18 13:34:00,BHMBCCMKT01,0.37608318890814557,0.4666666666666667,1.0,0,1.5
2016-11-18 14:01:00,BHMBCCMKT01,0.36915077989601386,0.26666666666666666,0.3,0,1.0
2016-11-18 14:28:00,BHMBCCMKT01,0.3396880415944541,0.3333333333333333,1.0,0,1.0
2016-11-18 15:01:00,BHMBCCMKT01,0.29116117850953205,0.13333333333333333,0.3,0,1.0
2016-11-18 15:28:00,BHMBCCMKT01,0.28422876949740034,0.06666666666666667,0.3,0,1.5
2016-11-18 16:01:00,BHMBCCMKT01,0.2668977469670711,0.13333333333333333,0.3,0,1.0
2016-11-18 16:28:00,BHMBCCMKT01,0.24263431542461006,0.13333333333333333,0.3,0,1.5
2016-11-19 07:57:00,BHMBCCMKT01,0.05025996533795494,0.06666666666666667,0.3,0,1.0
2016-11-19 08:31:00,BHMBCCMKT01,0.058925476603119586,0.06666666666666667,0.3,0,1.0
2016-11-19 08:57:00,BHMBCCMKT01,0.08838821490467938,0.06666666666666667,0.3,0,1.0
2016-11-19 09:31:00,BHMBCCMKT01,0.17677642980935876,0.13333333333333333,0.3,0,1.5
2016-11-19 10:04:00,BHMBCCMKT01,0.2634315424610052,0.2,0.3,0,1.0
2016-11-19 10:31:00,BHMBCCMKT01,0.3396880415944541,0.26666666666666666,0.3,0,1.0
2016-11-19 10:58:00,BHMBCCMKT01,0.4072790294627383,0.3333333333333333,1.0,0,0.5
2016-11-19 11:31:00,BHMBCCMKT01,0.4662045060658579,0.4666666666666667,1.0,0,1.0
2016-11-19 12:04:00,BHMBCCMKT01,0.5077989601386482,0.5333333333333333,1.0,0,0.5
2016-11-19 12:31:00,BHMBCCMKT01,0.5892547660311959,0.5333333333333333,1.0,0,1.0
2016-11-19 13:04:00,BHMBCCMKT01,0.6932409012131716,0.4666666666666667,1.0,0,1.0
2016-11-19 13:31:00,BHMBCCMKT01,0.7435008665511266,0.4666666666666667,1.0,0,0.5
2016-11-19 14:04:00,BHMBCCMKT01,0.8526863084922011,0.4,1.0,0,1.0
2016-11-19 14:31:00,BHMBCCMKT01,0.8197573656845754,0.26666666666666666,0.3,0,1.0
2016-11-19 15:04:00,BHMBCCMKT01,0.8353552859618717,0.2,0.3,0,1.5
2016-11-19 15:31:00,BHMBCCMKT01,0.8474870017331022,0.13333333333333333,0.3,0,1.0
2016-11-19 16:04:00,BHMBCCMKT01,0.7833622183708839,0.2,0.3,0,1.0
2016-11-19 16:31:00,BHMBCCMKT01,0.7469670710571924,0.13333333333333333,0.3,0,1.0
2016-11-20 08:01:00,BHMBCCMKT01,0.03466204506065858,0.06666666666666667,0.3,1,1.0
2016-11-20 08:27:00,BHMBCCMKT01,0.038128249566724434,0.06666666666666667,0.3,1,1.5
2016-11-20 09:01:00,BHMBCCMKT01,0.036395147313691506,0.2,0.3,1,1.0
2016-11-20 09:27:00,BHMBCCMKT01,0.0415944540727903,0.13333333333333333,0.3,1,0.5
2016-11-20 10:01:00,BHMBCCMKT01,0.04852686308492201,0.2,0.3,1,1.0
2016-11-20 10:27:00,BHMBCCMKT01,0.07625649913344887,0.13333333333333333,0.3,1,1.0
2016-11-20 11:01:00,BHMBCCMKT01,0.16464471403812825,0.4,0.3,1,1.0
2016-11-20 11:27:00,BHMBCCMKT01,0.2218370883882149,0.5333333333333333,1.0,1,1.0
2016-11-20 12:01:00,BHMBCCMKT01,0.2824956672443674,0.4666666666666667,0.3,1,1.0
2016-11-20 12:34:00,BHMBCCMKT01,0.3362218370883882,0.6666666666666666,1.0,1,1.5
2016-11-20 13:07:00,BHMBCCMKT01,0.42634315424610053,0.6,1.0,1,1.0
2016-11-20 13:27:00,BHMBCCMKT01,0.464471403812825,0.6666666666666666,1.0,1,1.5
2016-11-20 14:01:00,BHMBCCMKT01,0.5320623916811091,0.4,0.3,1,1.0
2016-11-20 14:27:00,BHMBCCMKT01,0.5355285961871751,0.3333333333333333,0.3,1,1.0
2016-11-20 15:01:00,BHMBCCMKT01,0.5025996533795494,0.2,0.3,1,1.0
2016-11-20 15:27:00,BHMBCCMKT01,0.4783362218370884,0.26666666666666666,0.3,1,1.0
2016-11-20 16:01:00,BHMBCCMKT01,0.4003466204506066,0.2,0.3,1,1.5
2016-11-20 16:31:00,BHMBCCMKT01,0.3119584055459272,0.13333333333333333,0.3,1,1.0
2016-11-21 08:04:00,BHMBCCMKT01,0.045060658578856154,0.06666666666666667,0.3,0,1.0
2016-11-21 08:31:00,BHMBCCMKT01,0.05545927209705372,0.06666666666666667,0.3,0,0.5
2016-11-21 09:04:00,BHMBCCMKT01,0.06759098786828423,0.06666666666666667,0.3,0,1.0
2016-11-21 09:31:00,BHMBCCMKT01,0.09358752166377816,0.06666666666666667,0.3,0,0.5
2016-11-21 10:04:00,BHMBCCMKT01,0.13518197573656845,0.13333333333333333,0.3,0,0.5
2016-11-21 10:31:00,BHMBCCMKT01,0.15944540727902945,0.2,0.3,0,0.5
2016-11-21 11:04:00,BHMBCCMKT01,0.17157712305025996,0.26666666666666666,0.3,0,1.0
2016-11-21 11:30:00,BHMBCCMKT01,0.19930675909878684,0.26666666666666666,0.3,0,1.0
2016-11-21 11:57:00,BHMBCCMKT01,0.21143847487001732,0.3333333333333333,0.3,0,1.0
2016-11-21 12:31:00,BHMBCCMKT01,0.23570190641247835,0.4,1.0,0,1.0
2016-11-21 12:57:00,BHMBCCMKT01,0.2530329289428076,0.4666666666666667,1.0,0,1.0
2016-11-21 13:31:00,BHMBCCMKT01,0.25476603119584057,0.4,1.0,0,0.5
2016-11-21 14:04:00,BHMBCCMKT01,0.2391681109185442,0.2,0.3,0,1.0
2016-11-21 14:31:00,BHMBCCMKT01,0.20623916811091855,0.2,0.3,0,0.5
2016-11-21 14:57:00,BHMBCCMKT01,0.1923743500866551,0.26666666666666666,1.0,0,1.5
2016-11-21 15:31:00,BHMBCCMKT01,0.16984402079722705,0.13333333333333333,0.3,0,1.0
2016-11-21 15:57:00,BHMBCCMKT01,0.1611785095320624,0.13333333333333333,0.3,0,1.0
2016-11-21 16:31:00,BHMBCCMKT01,0.1438474870017331,0.13333333333333333,0.3,0,0.5
2016-11-22 07:57:00,BHMBCCMKT01,0.0415944540727903,0.06666666666666667,0.3,0,1.0
2016-11-22 08:31:00,BHMBCCMKT01,0.05545927209705372,0.13333333333333333,0.3,0,1.5
2016-11-22 09:04:00,BHMBCCMKT01,0.0779896013864818,0.06666666666666667,0.3,0,1.5
2016-11-22 09:31:00,BHMBCCMKT01,0.11438474870017332,0.06666666666666667,0.3,0,0.5
2016-11-22 10:04:00,BHMBCCMKT01,0.20103986135181975,0.13333333333333333,0.3,0,1.0
2016-11-22 10:31:00,BHMBCCMKT01,0.2668977469670711,0.2,0.3,0,1.0
2016-11-22 11:04:00,BHMBCCMKT01,0.32582322357019067,0.26666666666666666,0.3,0,0.5
2016-11-22 11:31:00,BHMBCCMKT01,0.36221837088388215,0.4666666666666667,1.0,0,1.0
2016-11-22 12:04:00,BHMBCCMKT01,0.3951473136915078,0.5333333333333333,1.0,0,1.0
2016-11-22 12:31:00,BHMBCCMKT01,0.4020797227036395,0.4666666666666667,1.0,0,1.0
2016-11-22 12:57:00,BHMBCCMKT01,0.4055459272097054,0.4666666666666667,1.0,0,0.5
2016-11-22 13:31:00,BHMBCCMKT01,0.4055459272097054,0.4666666666666667,1.0,0,1.0
2016-11-22 13:57:00,BHMBCCMKT01,0.3934142114384749,0.26666666666666666,0.3,0,1.0
2016-11-22 14:31:00,BHMBCCMKT01,0.35528596187175043,0.26666666666666666,0.3,0,1.0
2016-11-22 14:57:00,BHMBCCMKT01,0.30329289428076256,0.2,0.3,0,1.0
2016-11-22 15:31:00,BHMBCCMKT01,0.2772963604852686,0.13333333333333333,0.3,0,1.0
2016-11-22 15:57:00,BHMBCCMKT01,0.23743500866551126,0.13333333333333333,0.3,0,0.5
2016-11-22 16:30:00,BHMBCCMKT01,0.21143847487001732,0.13333333333333333,0.3,0,0.5
2016-11-23 08:04:00,BHMBCCMKT01,0.04852686308492201,0.06666666666666667,0.3,0,1.0
2016-11-23 08:30:00,BHMBCCMKT01,0.05025996533795494,0.06666666666666667,0.3,0,0.5
2016-11-23 08:57:00,BHMBCCMKT01,0.058925476603119586,0.13333333333333333,0.3,0,1.0
2016-11-23 09:31:00,BHMBCCMKT01,0.08145580589254767,0.13333333333333333,0.3,0,1.0
2016-11-23 10:04:00,BHMBCCMKT01,0.12478336221837089,0.13333333333333333,0.3,0,0.5
2016-11-23 10:31:00,BHMBCCMKT01,0.1733102253032929,0.26666666666666666,0.3,0,1.0
2016-11-23 11:04:00,BHMBCCMKT01,0.2218370883882149,0.26666666666666666,0.3,0,1.0
2016-11-23 11:31:00,BHMBCCMKT01,0.2634315424610052,0.26666666666666666,0.3,0,1.0
2016-11-23 11:57:00,BHMBCCMKT01,0.2876949740034662,0.26666666666666666,0.3,0,0.5
2016-11-23 12:31:00,BHMBCCMKT01,0.30675909878682844,0.4666666666666667,1.0,0,1.0
2016-11-23 13:04:00,BHMBCCMKT01,0.3240901213171577,0.4,1.0,0,1.0
2016-11-23 13:31:00,BHMBCCMKT01,0.31369150779896016,0.4666666666666667,1.0,0,0.5
2016-11-23 13:57:00,BHMBCCMKT01,0.30675909878682844,0.26666666666666666,0.3,0,1.0
2016-11-23 14:30:00,BHMBCCMKT01,0.25996533795493937,0.2,0.3,0,1.0
2016-11-23 15:04:00,BHMBCCMKT01,0.21837088388214904,0.13333333333333333,0.3,0,1.0
2016-11-23 15:31:00,BHMBCCMKT01,0.20623916811091855,0.13333333333333333,0.3,0,1.0
2016-11-23 16:04:00,BHMBCCMKT01,0.17677642980935876,0.13333333333333333,0.3,0,0.5
2016-11-23 16:30:00,BHMBCCMKT01,0.15944540727902945,0.06666666666666667,0.3,0,1.0
2016-11-24 08:00:00,BHMBCCMKT01,0.05545927209705372,0.06666666666666667,0.3,0,1.0
2016-11-24 08:27:00,BHMBCCMKT01,0.058925476603119586,0.06666666666666667,0.3,0,1.0
2016-11-24 09:00:00,BHMBCCMKT01,0.09012131715771231,0.13333333333333333,0.3,0,0.5
2016-11-24 09:34:00,BHMBCCMKT01,0.14038128249566725,0.13333333333333333,0.3,0,0.5
2016-11-24 10:01:00,BHMBCCMKT01,0.19064124783362218,0.2,0.3,0,0.5
2016-11-24 10:27:00,BHMBCCMKT01,0.2270363951473137,0.13333333333333333,0.3,0,1.0
2016-11-24 11:00:00,BHMBCCMKT01,0.28942807625649913,0.3333333333333333,0.3,0,1.0
2016-11-24 11:27:00,BHMBCCMKT01,0.3240901213171577,0.3333333333333333,0.3,0,1.5
2016-11-24 12:00:00,BHMBCCMKT01,0.3466204506065858,0.4666666666666667,1.0,0,0.5
2016-11-24 12:30:00,BHMBCCMKT01,0.36568457538994803,0.4666666666666667,1.0,0,1.0
2016-11-24 13:04:00,BHMBCCMKT01,0.3986135181975737,0.4666666666666667,1.0,0,1.0
2016-11-24 13:30:00,BHMBCCMKT01,0.37954939341421146,0.4666666666666667,1.0,0,1.0
2016-11-24 13:57:00,BHMBCCMKT01,0.3708838821490468,0.3333333333333333,0.3,0,0.5
2016-11-24 14:30:00,BHMBCCMKT01,0.3362218370883882,0.26666666666666666,0.3,0,1.0
2016-11-24 14:57:00,BHMBCCMKT01,0.3050259965337955,0.2,0.3,0,1.5
2016-11-24 15:31:00,BHMBCCMKT01,0.2720970537261698,0.13333333333333333,0.3,0,0.5
2016-11-24 15:57:00,BHMBCCMKT01,0.25476603119584057,0.13333333333333333,0.3,0,0.5
2016-11-24 16:31:00,BHMBCCMKT01,0.2322357019064125,0.06666666666666667,0.3,0,1.0
2016-11-25 08:00:00,BHMBCCMKT01,0.07625649913344887,0.06666666666666667,0.3,0,1.0
2016-11-25 08:00:00,BHMBCCMKT01,0.07625649913344887,0.06666666666666667,0.3,0,1.0
2016-11-25 09:00:00,BHMBCCMKT01,0.10398613518197573,0.13333333333333333,0.3,0,1.0
2016-11-25 09:27:00,BHMBCCMKT01,0.18370883882149047,0.13333333333333333,0.3,0,1.0
2016-11-25 10:00:00,BHMBCCMKT01,0.3847487001733102,0.2,0.3,0,1.0
2016-11-25 10:27:00,BHMBCCMKT01,0.4904679376083189,0.2,0.3,0,1.0
2016-11-25 11:00:00,BHMBCCMKT01,0.5736568457538995,0.3333333333333333,0.3,0,1.0
2016-11-25 11:27:00,BHMBCCMKT01,0.6412478336221837,0.3333333333333333,0.3,0,1.0
2016-11-25 12:00:00,BHMBCCMKT01,0.658578856152513,0.5333333333333333,1.0,0,0.5
2016-11-25 12:34:00,BHMBCCMKT01,0.6759098786828422,0.6,1.0,0,1.5
2016-11-25 13:00:00,BHMBCCMKT01,0.6689774696707106,0.4666666666666667,1.0,0,0.5
2016-11-25 13:27:00,BHMBCCMKT01,0.6655112651646448,0.4666666666666667,1.0,0,1.0
2016-11-25 14:00:00,BHMBCCMKT01,0.6187175043327556,0.26666666666666666,0.3,0,1.0
2016-11-25 14:34:00,BHMBCCMKT01,0.6152512998266898,0.26666666666666666,0.3,0,1.0
2016-11-25 15:00:00,BHMBCCMKT01,0.5909878682842288,0.2,0.3,0,1.0
2016-11-25 15:27:00,BHMBCCMKT01,0.5771230502599654,0.13333333333333333,0.3,0,1.0
2016-11-25 16:00:00,BHMBCCMKT01,0.45753899480069327,0.13333333333333333,0.3,0,1.5
2016-11-25 16:27:00,BHMBCCMKT01,0.42980935875216636,0.13333333333333333,0.3,0,1.0
2016-11-26 08:01:00,BHMBCCMKT01,0.06759098786828423,0.06666666666666667,0.3,0,1.0
2016-11-26 08:28:00,BHMBCCMKT01,0.07105719237435008,0.06666666666666667,0.3,0,1.0
2016-11-26 09:01:00,BHMBCCMKT01,0.1022530329289428,0.13333333333333333,0.3,0,0.5
2016-11-26 09:35:00,BHMBCCMKT01,0.1923743500866551,0.13333333333333333,0.3,0,1.0
2016-11-26 10:01:00,BHMBCCMKT01,0.2772963604852686,0.2,0.3,0,0.5
2016-11-26 10:35:00,BHMBCCMKT01,0.3379549393414211,0.2,0.3,0,1.0
2016-11-26 11:01:00,BHMBCCMKT01,0.42807625649913345,0.3333333333333333,0.3,0,0.5
2016-11-26 11:28:00,BHMBCCMKT01,0.5164644714038128,0.26666666666666666,0.3,0,1.0
2016-11-26 12:01:00,BHMBCCMKT01,0.6377816291161178,0.5333333333333333,1.0,0,1.0
2016-11-26 12:28:00,BHMBCCMKT01,0.7417677642980935,0.5333333333333333,1.0,0,0.5
2016-11-26 13:01:00,BHMBCCMKT01,0.8474870017331022,0.5333333333333333,1.0,0,1.5
2016-11-26 13:28:00,BHMBCCMKT01,0.8804159445407279,0.4666666666666667,1.0,0,0.5
2016-11-26 14:01:00,BHMBCCMKT01,0.9549393414211439,0.26666666666666666,0.3,0,1.0
2016-11-26 14:41:00,BHMBCCMKT01,0.9930675909878682,0.4666666666666667,1.0,0,1.0
2016-11-26 15:01:00,BHMBCCMKT01,0.9826689774696707,0.13333333333333333,0.3,0,0.5
2016-11-26 15:28:00,BHMBCCMKT01,0.9549393414211439,0.13333333333333333,0.3,0,1.0
2016-11-26 16:01:00,BHMBCCMKT01,0.9410745233968805,0.13333333333333333,0.3,0,1.5
2016-11-26 16:28:00,BHMBCCMKT01,0.8682842287694974,0.13333333333333333,0.3,0,1.0
2016-11-27 08:02:00,BHMBCCMKT01,0.038128249566724434,0.06666666666666667,0.3,1,0.5
2016-11-27 08:32:00,BHMBCCMKT01,0.038128249566724434,0.13333333333333333,0.3,1,1.0
2016-11-27 09:02:00,BHMBCCMKT01,0.03986135181975736,0.13333333333333333,0.3,1,1.5
2016-11-27 09:32:00,BHMBCCMKT01,0.0415944540727903,0.13333333333333333,0.3,1,1.0
2016-11-27 10:01:00,BHMBCCMKT01,0.060658578856152515,0.13333333333333333,0.3,1,1.0
2016-11-27 10:32:00,BHMBCCMKT01,0.11265164644714037,0.26666666666666666,0.3,1,1.0
2016-11-27 11:01:00,BHMBCCMKT01,0.16984402079722705,0.4,0.3,1,1.0
2016-11-27 11:31:00,BHMBCCMKT01,0.25476603119584057,0.4,0.3,1,1.0
2016-11-27 12:01:00,BHMBCCMKT01,0.30675909878682844,0.6666666666666666,1.0,1,1.0
2016-11-27 12:32:00,BHMBCCMKT01,0.38648180242634317,0.6666666666666666,1.0,1,1.0
2016-11-27 13:08:00,BHMBCCMKT01,0.4488734835355286,0.6,1.0,1,1.0
2016-11-27 13:32:00,BHMBCCMKT01,0.5043327556325823,0.6,1.0,1,1.0
2016-11-27 14:02:00,BHMBCCMKT01,0.5268630849220104,0.3333333333333333,0.3,1,1.0
2016-11-27 14:31:00,BHMBCCMKT01,0.5199306759098787,0.3333333333333333,0.3,1,0.5
2016-11-27 15:01:00,BHMBCCMKT01,0.5060658578856152,0.26666666666666666,0.3,1,0.5
2016-11-27 15:32:00,BHMBCCMKT01,0.4904679376083189,0.2,0.3,1,1.5
2016-11-27 16:01:00,BHMBCCMKT01,0.41594454072790293,0.13333333333333333,0.3,1,1.0
2016-11-27 16:32:00,BHMBCCMKT01,0.34488734835355284,0.2,0.3,1,1.0
2016-11-28 08:01:00,BHMBCCMKT01,0.03466204506065858,0.06666666666666667,0.3,0,1.0
2016-11-28 08:32:00,BHMBCCMKT01,0.04852686308492201,0.06666666666666667,0.3,0,0.5
2016-11-28 09:02:00,BHMBCCMKT01,0.05719237435008666,0.06666666666666667,0.3,0,1.0
2016-11-28 09:28:00,BHMBCCMKT01,0.08838821490467938,0.13333333333333333,0.3,0,0.5
2016-11-28 10:01:00,BHMBCCMKT01,0.14211438474870017,0.13333333333333333,0.3,0,0.5
2016-11-28 10:32:00,BHMBCCMKT01,0.19410745233968804,0.2,0.3,0,0.5
2016-11-28 11:01:00,BHMBCCMKT01,0.25476603119584057,0.26666666666666666,0.3,0,1.5
2016-11-28 11:32:00,BHMBCCMKT01,0.3240901213171577,0.3333333333333333,0.3,0,1.0
2016-11-28 12:01:00,BHMBCCMKT01,0.35528596187175043,0.4666666666666667,1.0,0,1.0
2016-11-28 12:28:00,BHMBCCMKT01,0.37608318890814557,0.4666666666666667,1.0,0,1.0
2016-11-28 13:02:00,BHMBCCMKT01,0.3882149046793761,0.4,1.0,0,0.5
2016-11-28 13:31:00,BHMBCCMKT01,0.3882149046793761,0.3333333333333333,0.3,0,1.0
2016-11-28 14:02:00,BHMBCCMKT01,0.36221837088388215,0.3333333333333333,1.0,0,1.0
2016-11-28 14:32:00,BHMBCCMKT01,0.34488734835355284,0.26666666666666666,0.3,0,1.0
2016-11-28 15:02:00,BHMBCCMKT01,0.29636048526863085,0.13333333333333333,0.3,0,0.5
2016-11-28 15:41:00,BHMBCCMKT01,0.25996533795493937,0.13333333333333333,0.3,0,0.5
2016-11-28 16:02:00,BHMBCCMKT01,0.2270363951473137,0.13333333333333333,0.3,0,0.5
2016-11-28 16:28:00,BHMBCCMKT01,0.23050259965337955,0.06666666666666667,0.3,0,1.5
2016-11-29 07:55:00,BHMBCCMKT01,0.03466204506065858,0.06666666666666667,0.3,0,1.5
2016-11-29 08:28:00,BHMBCCMKT01,0.0415944540727903,0.06666666666666667,0.3,0,1.0
2016-11-29 09:02:00,BHMBCCMKT01,0.0658578856152513,0.13333333333333333,0.3,0,1.0
2016-11-29 09:28:00,BHMBCCMKT01,0.09185441941074524,0.06666666666666667,0.3,0,1.0
2016-11-29 10:01:00,BHMBCCMKT01,0.1559792027729636,0.13333333333333333,0.3,0,1.0
2016-11-29 10:28:00,BHMBCCMKT01,0.22876949740034663,0.13333333333333333,0.3,0,0.5
2016-11-29 11:01:00,BHMBCCMKT01,0.28596187175043325,0.26666666666666666,0.3,0,0.5
2016-11-29 11:28:00,BHMBCCMKT01,0.32582322357019067,0.3333333333333333,0.3,0,1.0
2016-11-29 11:55:00,BHMBCCMKT01,0.3327556325823224,0.3333333333333333,0.3,0,1.5
2016-11-29 12:28:00,BHMBCCMKT01,0.35701906412478335,0.4666666666666667,1.0,0,1.0
2016-11-29 13:02:00,BHMBCCMKT01,0.36048526863084923,0.4,1.0,0,1.5
2016-11-29 13:28:00,BHMBCCMKT01,0.35701906412478335,0.4,1.0,0,1.0
2016-11-29 14:01:00,BHMBCCMKT01,0.3119584055459272,0.2,0.3,0,0.5
2016-11-29 14:28:00,BHMBCCMKT01,0.292894280762565,0.2,0.3,0,1.0
2016-11-29 14:55:00,BHMBCCMKT01,0.2634315424610052,0.26666666666666666,0.3,0,0.5
2016-11-29 15:28:00,BHMBCCMKT01,0.2391681109185442,0.13333333333333333,0.3,0,1.0
2016-11-29 16:02:00,BHMBCCMKT01,0.2218370883882149,0.13333333333333333,0.3,0,0.5
2016-11-29 16:28:00,BHMBCCMKT01,0.1975736568457539,0.13333333333333333,0.3,0,0.5
2016-11-30 08:02:00,BHMBCCMKT01,0.029462738301559793,0.06666666666666667,0.3,0,1.0
2016-11-30 08:28:00,BHMBCCMKT01,0.0415944540727903,0.0,0.3,0,0.5
2016-11-30 09:01:00,BHMBCCMKT01,0.060658578856152515,0.06666666666666667,0.3,0,1.0
2016-11-30 09:28:00,BHMBCCMKT01,0.08492201039861352,0.06666666666666667,0.3,0,1.0
2016-11-30 10:01:00,BHMBCCMKT01,0.14038128249566725,0.13333333333333333,0.3,0,1.0
2016-11-30 10:28:00,BHMBCCMKT01,0.1854419410745234,0.13333333333333333,0.3,0,1.0
2016-11-30 10:55:00,BHMBCCMKT01,0.2322357019064125,0.26666666666666666,0.3,0,1.0
2016-11-30 11:28:00,BHMBCCMKT01,0.2755632582322357,0.3333333333333333,0.3,0,1.0
2016-11-30 12:01:00,BHMBCCMKT01,0.31542461005199307,0.4666666666666667,1.0,0,1.0
2016-11-30 12:28:00,BHMBCCMKT01,0.3275563258232236,0.4666666666666667,1.0,0,1.0
