"Timestamp","Lot","Price","time","diff"
"2016-11-14 15:00:00","BHMBCCMKT01","11.56","1751868226454","1"
"2016-11-27 10:32:00","BHMBCCMKT01","14.57","1751868226454","1"
"2016-11-18 08:27:00","BHMBCCMKT01","10.37","1751868226454","1"
"2016-11-12 08:27:00","BHMBCCMKT01","10.84","1751868226454","1"
"2016-11-22 11:31:00","BHMBCCMKT01","13.23","1751868226454","1"
"2016-11-06 14:33:00","BHMBCCMKT01","16.77","1751868226454","1"
"2016-11-16 14:00:00","BHMBCCMKT01","11.31","1751868226454","1"
"2016-11-26 11:28:00","BHMBCCMKT01","12.31","1751868226454","1"
"2016-11-03 08:00:00","BHMBCCMKT01","10.77","1751868226454","1"
"2016-11-09 15:34:00","BHMBCCMKT01","11.24","1751868226454","1"
"2016-11-07 08:26:00","BHMBCCMKT01","10.71","1751868226454","1"
"2016-11-13 08:00:00","BHMBCCMKT01","13.97","1751868226454","1"
"2016-10-31 13:00:00","BHMBCCMKT01","13.18","1751868226454","1"
"2016-11-13 10:00:00","BHMBCCMKT01","14.28","1751868226454","1"
"2016-10-27 09:59:00","BHMBCCMKT01","11.47","1751868226454","1"
"2016-10-31 11:26:00","BHMBCCMKT01","11.76","1751868226454","1"
"2016-10-19 08:05:00","BHMBCCMKT01","10.89","1751868226454","1"
"2016-10-06 14:30:00","BHMBCCMKT01","11.61","1751868226454","1"
"2016-10-07 13:30:00","BHMBCCMKT01","13.2","1751868226454","1"
"2016-10-11 14:04:00","BHMBCCMKT01","11.56","1751868226454","1"
"2016-11-26 15:01:00","BHMBCCMKT01","12.95","1751868226454","1"
"2016-11-07 12:26:00","BHMBCCMKT01","11.81","1751868226454","1"
"2016-11-21 12:31:00","BHMBCCMKT01","12.76","1751868226454","1"
"2016-10-17 09:27:00","BHMBCCMKT01","11.35","1751868226454","1"
"2016-11-09 09:34:00","BHMBCCMKT01","10.95","1751868226454","1"
"2016-10-14 14:34:00","BHMBCCMKT01","11.27","1751868226454","1"
"2016-11-02 12:30:00","BHMBCCMKT01","13.12","1751868226454","1"
"2016-10-10 12:30:00","BHMBCCMKT01","12.92","1751868226454","1"
"2016-11-11 16:00:00","BHMBCCMKT01","11.17","1751868226454","1"
"2016-11-16 13:27:00","BHMBCCMKT01","13.0","1751868226454","1"
"2016-10-16 11:27:00","BHMBCCMKT01","14.86","1751868226454","1"
"2016-10-12 10:01:00","BHMBCCMKT01","11.26","1751868226454","1"
"2016-11-06 16:26:00","BHMBCCMKT01","14.6","1751868226454","1"
"2016-10-16 15:57:00","BHMBCCMKT01","14.93","1751868226454","1"
"2016-10-08 16:30:00","BHMBCCMKT01","12.69","1751868226454","1"
"2016-10-31 13:26:00","BHMBCCMKT01","12.73","1751868226454","1"
"2016-11-17 09:03:00","BHMBCCMKT01","10.77","1751868226454","1"
"2016-11-26 11:01:00","BHMBCCMKT01","11.87","1751868226454","1"
"2016-11-08 11:59:00","BHMBCCMKT01","12.16","1751868226454","1"
"2016-10-08 14:03:00","BHMBCCMKT01","12.43","1751868226454","1"
"2016-11-11 14:27:00","BHMBCCMKT01","11.54","1751868226454","1"
"2016-10-09 11:04:00","BHMBCCMKT01","15.33","1751868226454","1"
"2016-11-16 09:00:00","BHMBCCMKT01","10.78","1751868226454","1"
"2016-10-31 10:00:00","BHMBCCMKT01","11.18","1751868226454","1"
"2016-10-30 10:59:00","BHMBCCMKT01","14.65","1751868226454","1"
"2016-10-27 13:32:00","BHMBCCMKT01","13.52","1751868226454","1"
"2016-10-28 12:02:00","BHMBCCMKT01","11.94","1751868226454","1"
"2016-10-29 09:59:00","BHMBCCMKT01","11.24","1751868226454","1"
"2016-10-04 07:59:00","BHMBCCMKT01","10.82","1751868226454","1"
"2016-11-19 15:31:00","BHMBCCMKT01","12.93","1751868226454","1"
"2016-11-20 16:31:00","BHMBCCMKT01","14.83","1751868226454","1"
"2016-10-17 14:31:00","BHMBCCMKT01","12.55","1751868226454","1"
"2016-11-08 07:59:00","BHMBCCMKT01","10.69","1751868226454","1"
"2016-11-01 08:06:00","BHMBCCMKT01","10.76","1751868226454","1"
"2016-11-20 12:01:00","BHMBCCMKT01","15.42","1751868226454","1"
"2016-10-27 14:59:00","BHMBCCMKT01","11.7","1751868226454","1"
"2016-11-14 14:00:00","BHMBCCMKT01","11.46","1751868226454","1"
"2016-10-23 16:26:00","BHMBCCMKT01","14.83","1751868226454","1"
"2016-11-14 16:00:00","BHMBCCMKT01","11.01","1751868226454","1"
"2016-10-10 13:04:00","BHMBCCMKT01","12.21","1751868226454","1"
"2016-10-04 13:02:00","BHMBCCMKT01","13.51","1751868226454","1"
"2016-11-18 12:27:00","BHMBCCMKT01","13.16","1751868226454","1"
"2016-11-04 13:59:00","BHMBCCMKT01","11.76","1751868226454","1"
"2016-10-28 10:56:00","BHMBCCMKT01","11.84","1751868226454","1"
"2016-11-10 09:00:00","BHMBCCMKT01","10.76","1751868226454","1"
"2016-11-06 15:59:00","BHMBCCMKT01","14.89","1751868226454","1"
"2016-11-29 16:28:00","BHMBCCMKT01","10.86","1751868226454","1"
"2016-11-27 16:01:00","BHMBCCMKT01","15.11","1751868226454","1"
"2016-11-24 12:00:00","BHMBCCMKT01","12.86","1751868226454","1"
"2016-11-07 10:59:00","BHMBCCMKT01","12.66","1751868226454","1"
"2016-11-21 09:31:00","BHMBCCMKT01","10.45","1751868226454","1"
"2016-10-24 14:30:00","BHMBCCMKT01","12.13","1751868226454","1"
"2016-11-16 12:27:00","BHMBCCMKT01","13.06","1751868226454","1"
"2016-11-04 13:00:00","BHMBCCMKT01","12.92","1751868226454","1"
"2016-11-27 12:01:00","BHMBCCMKT01","16.82","1751868226454","1"
"2016-10-26 09:59:00","BHMBCCMKT01","11.17","1751868226454","1"
"2016-11-17 13:04:00","BHMBCCMKT01","13.12","1751868226454","1"
"2016-11-23 12:31:00","BHMBCCMKT01","13.08","1751868226454","1"
"2016-11-20 13:27:00","BHMBCCMKT01","17.57","1751868226454","1"
"2016-11-12 12:27:00","BHMBCCMKT01","13.35","1751868226454","1"
"2016-10-29 12:06:00","BHMBCCMKT01","12.18","1751868226454","1"
"2016-11-05 16:00:00","BHMBCCMKT01","12.37","1751868226454","1"
"2016-11-27 09:02:00","BHMBCCMKT01","14.44","1751868226454","1"
"2016-11-19 10:04:00","BHMBCCMKT01","11.5","1751868226454","1"
"2016-11-27 09:32:00","BHMBCCMKT01","14.11","1751868226454","1"
"2016-10-28 16:29:00","BHMBCCMKT01","11.68","1751868226454","1"
"2016-10-13 08:31:00","BHMBCCMKT01","10.83","1751868226454","1"
"2016-10-14 08:01:00","BHMBCCMKT01","10.78","1751868226454","1"
"2016-11-09 14:00:00","BHMBCCMKT01","11.69","1751868226454","1"
"2016-10-23 09:59:00","BHMBCCMKT01","14.38","1751868226454","1"
"2016-11-20 10:01:00","BHMBCCMKT01","14.26","1751868226454","1"
"2016-11-20 13:07:00","BHMBCCMKT01","17.0","1751868226454","1"
"2016-10-09 15:04:00","BHMBCCMKT01","15.02","1751868226454","1"
"2016-11-04 10:26:00","BHMBCCMKT01","11.42","1751868226454","1"
"2016-11-18 08:01:00","BHMBCCMKT01","10.7","1751868226454","1"
"2016-11-01 08:26:00","BHMBCCMKT01","10.78","1751868226454","1"
"2016-11-29 08:28:00","BHMBCCMKT01","10.64","1751868226454","1"
"2016-11-13 12:00:00","BHMBCCMKT01","16.46","1751868226454","1"
"2016-10-31 12:26:00","BHMBCCMKT01","12.85","1751868226454","1"
"2016-10-14 15:01:00","BHMBCCMKT01","11.46","1751868226454","1"
"2016-11-29 12:28:00","BHMBCCMKT01","13.22","1751868226454","1"
"2016-11-03 15:26:00","BHMBCCMKT01","11.32","1751868226454","1"
"2016-10-25 08:00:00","BHMBCCMKT01","10.45","1751868226454","1"
"2016-11-05 08:00:00","BHMBCCMKT01","10.87","1751868226454","1"
"2016-11-28 14:02:00","BHMBCCMKT01","12.97","1751868226454","1"
"2016-11-22 12:04:00","BHMBCCMKT01","13.45","1751868226454","1"
"2016-11-21 10:31:00","BHMBCCMKT01","10.89","1751868226454","1"
"2016-11-26 13:01:00","BHMBCCMKT01","14.99","1751868226454","1"
"2016-11-11 09:27:00","BHMBCCMKT01","11.05","1751868226454","1"
"2016-10-26 08:32:00","BHMBCCMKT01","11.29","1751868226454","1"
"2016-11-21 12:57:00","BHMBCCMKT01","12.94","1751868226454","1"
"2016-10-12 14:03:00","BHMBCCMKT01","12.44","1751868226454","1"
"2016-10-04 08:59:00","BHMBCCMKT01","11.04","1751868226454","1"
"2016-11-05 16:26:00","BHMBCCMKT01","12.24","1751868226454","1"
"2016-10-08 14:30:00","BHMBCCMKT01","12.78","1751868226454","1"
"2016-11-07 09:59:00","BHMBCCMKT01","11.4","1751868226454","1"
"2016-11-22 15:31:00","BHMBCCMKT01","11.41","1751868226454","1"
"2016-11-19 07:57:00","BHMBCCMKT01","10.67","1751868226454","1"
"2016-11-02 07:56:00","BHMBCCMKT01","10.43","1751868226454","1"
"2016-11-09 08:00:00","BHMBCCMKT01","10.68","1751868226454","1"
"2016-11-09 10:27:00","BHMBCCMKT01","11.29","1751868226454","1"
"2016-10-30 07:59:00","BHMBCCMKT01","14.2","1751868226454","1"
"2016-10-07 15:30:00","BHMBCCMKT01","11.4","1751868226454","1"
"2016-11-30 10:01:00","BHMBCCMKT01","11.04","1751868226454","1"
"2016-10-08 08:30:00","BHMBCCMKT01","10.95","1751868226454","1"
"2016-11-28 13:31:00","BHMBCCMKT01","12.1","1751868226454","1"
"2016-11-17 15:58:00","BHMBCCMKT01","11.27","1751868226454","1"
"2016-11-28 11:01:00","BHMBCCMKT01","11.95","1751868226454","1"
"2016-11-15 11:30:00","BHMBCCMKT01","12.11","1751868226454","1"
"2016-10-15 13:34:00","BHMBCCMKT01","14.03","1751868226454","1"
"2016-11-25 13:27:00","BHMBCCMKT01","14.04","1751868226454","1"
"2016-10-06 12:57:00","BHMBCCMKT01","11.98","1751868226454","1"
"2016-10-16 12:01:00","BHMBCCMKT01","16.03","1751868226454","1"
"2016-11-08 11:33:00","BHMBCCMKT01","11.84","1751868226454","1"
"2016-10-27 12:59:00","BHMBCCMKT01","12.21","1751868226454","1"
"2016-10-19 10:25:00","BHMBCCMKT01","11.42","1751868226454","1"
"2016-11-20 11:01:00","BHMBCCMKT01","14.97","1751868226454","1"
"2016-10-14 14:01:00","BHMBCCMKT01","11.44","1751868226454","1"
"2016-10-05 09:30:00","BHMBCCMKT01","11.05","1751868226454","1"
"2016-10-29 12:59:00","BHMBCCMKT01","12.43","1751868226454","1"
"2016-10-31 15:27:00","BHMBCCMKT01","11.32","1751868226454","1"
"2016-11-07 11:26:00","BHMBCCMKT01","12.99","1751868226454","1"
"2016-10-30 15:00:00","BHMBCCMKT01","14.53","1751868226454","1"
"2016-10-19 15:32:00","BHMBCCMKT01","11.12","1751868226454","1"
"2016-11-15 08:57:00","BHMBCCMKT01","10.75","1751868226454","1"
"2016-10-05 08:30:00","BHMBCCMKT01","10.81","1751868226454","1"
"2016-10-18 15:01:00","BHMBCCMKT01","11.56","1751868226454","1"
"2016-11-26 12:28:00","BHMBCCMKT01","14.04","1751868226454","1"
"2016-11-29 09:28:00","BHMBCCMKT01","10.78","1751868226454","1"
"2016-10-09 08:04:00","BHMBCCMKT01","14.19","1751868226454","1"
"2016-11-13 14:00:00","BHMBCCMKT01","15.42","1751868226454","1"
"2016-10-11 08:57:00","BHMBCCMKT01","11.21","1751868226454","1"
"2016-11-15 11:57:00","BHMBCCMKT01","12.85","1751868226454","1"
"2016-10-30 07:59:00","BHMBCCMKT01","14.2","1751868226454","1"
"2016-11-02 10:29:00","BHMBCCMKT01","11.38","1751868226454","1"
"2016-10-04 10:59:00","BHMBCCMKT01","13.48","1751868226454","1"
"2016-10-27 15:59:00","BHMBCCMKT01","11.91","1751868226454","1"
"2016-11-17 10:31:00","BHMBCCMKT01","11.81","1751868226454","1"
"2016-10-10 08:30:00","BHMBCCMKT01","11.13","1751868226454","1"
"2016-10-12 13:04:00","BHMBCCMKT01","12.53","1751868226454","1"
"2016-11-05 13:00:00","BHMBCCMKT01","13.46","1751868226454","1"
"2016-11-01 15:27:00","BHMBCCMKT01","11.11","1751868226454","1"
"2016-10-16 15:01:00","BHMBCCMKT01","15.02","1751868226454","1"
"2016-10-08 14:57:00","BHMBCCMKT01","12.76","1751868226454","1"
"2016-10-16 16:31:00","BHMBCCMKT01","14.85","1751868226454","1"
"2016-10-06 12:04:00","BHMBCCMKT01","13.19","1751868226454","1"
"2016-11-25 09:00:00","BHMBCCMKT01","10.94","1751868226454","1"
"2016-11-08 09:26:00","BHMBCCMKT01","10.98","1751868226454","1"
"2016-10-29 08:59:00","BHMBCCMKT01","10.97","1751868226454","1"
"2016-10-06 13:57:00","BHMBCCMKT01","11.99","1751868226454","1"
"2016-11-22 12:57:00","BHMBCCMKT01","13.01","1751868226454","1"
"2016-11-18 14:28:00","BHMBCCMKT01","12.91","1751868226454","1"
"2016-11-07 15:33:00","BHMBCCMKT01","11.24","1751868226454","1"
"2016-11-03 11:26:00","BHMBCCMKT01","13.03","1751868226454","1"
"2016-10-17 08:01:00","BHMBCCMKT01","10.56","1751868226454","1"
"2016-11-26 16:01:00","BHMBCCMKT01","13.51","1751868226454","1"
"2016-11-04 12:00:00","BHMBCCMKT01","13.11","1751868226454","1"
"2016-11-20 15:01:00","BHMBCCMKT01","15.47","1751868226454","1"
"2016-10-09 09:57:00","BHMBCCMKT01","14.36","1751868226454","1"
"2016-10-18 10:28:00","BHMBCCMKT01","11.49","1751868226454","1"
"2016-11-07 12:59:00","BHMBCCMKT01","12.85","1751868226454","1"
"2016-11-09 12:27:00","BHMBCCMKT01","13.01","1751868226454","1"
"2016-11-12 11:00:00","BHMBCCMKT01","11.91","1751868226454","1"
"2016-10-24 15:32:00","BHMBCCMKT01","11.63","1751868226454","1"
"2016-11-16 09:27:00","BHMBCCMKT01","10.5","1751868226454","1"
"2016-11-10 11:27:00","BHMBCCMKT01","11.79","1751868226454","1"
"2016-11-12 10:00:00","BHMBCCMKT01","11.37","1751868226454","1"
"2016-11-06 08:26:00","BHMBCCMKT01","14.36","1751868226454","1"
"2016-11-15 12:57:00","BHMBCCMKT01","13.33","1751868226454","1"
"2016-10-29 13:26:00","BHMBCCMKT01","14.1","1751868226454","1"
"2016-11-18 16:01:00","BHMBCCMKT01","11.38","1751868226454","1"
"2016-10-09 11:57:00","BHMBCCMKT01","15.22","1751868226454","1"
"2016-11-14 12:27:00","BHMBCCMKT01","12.98","1751868226454","1"
"2016-10-25 12:29:00","BHMBCCMKT01","13.8","1751868226454","1"
"2016-11-24 12:30:00","BHMBCCMKT01","13.24","1751868226454","1"
"2016-11-07 10:26:00","BHMBCCMKT01","11.18","1751868226454","1"
"2016-10-05 11:30:00","BHMBCCMKT01","11.68","1751868226454","1"
"2016-11-22 12:31:00","BHMBCCMKT01","13.34","1751868226454","1"
"2016-10-18 09:28:00","BHMBCCMKT01","10.75","1751868226454","1"
"2016-11-23 13:57:00","BHMBCCMKT01","11.75","1751868226454","1"
"2016-11-21 13:31:00","BHMBCCMKT01","12.48","1751868226454","1"
"2016-11-07 16:33:00","BHMBCCMKT01","11.21","1751868226454","1"
"2016-11-15 09:30:00","BHMBCCMKT01","11.03","1751868226454","1"
"2016-10-14 12:01:00","BHMBCCMKT01","13.3","1751868226454","1"
"2016-11-29 11:55:00","BHMBCCMKT01","12.29","1751868226454","1"
"2016-11-26 08:28:00","BHMBCCMKT01","10.72","1751868226454","1"
"2016-10-15 13:01:00","BHMBCCMKT01","13.8","1751868226454","1"
"2016-11-09 10:00:00","BHMBCCMKT01","11.41","1751868226454","1"
"2016-10-27 11:59:00","BHMBCCMKT01","13.22","1751868226454","1"
"2016-10-22 13:59:00","BHMBCCMKT01","12.62","1751868226454","1"
"2016-10-24 07:56:00","BHMBCCMKT01","10.75","1751868226454","1"
"2016-11-09 13:00:00","BHMBCCMKT01","13.06","1751868226454","1"
"2016-10-16 13:27:00","BHMBCCMKT01","15.21","1751868226454","1"
"2016-10-10 13:30:00","BHMBCCMKT01","12.93","1751868226454","1"
"2016-11-28 16:02:00","BHMBCCMKT01","10.94","1751868226454","1"
"2016-10-04 09:32:00","BHMBCCMKT01","11.16","1751868226454","1"
"2016-10-08 10:30:00","BHMBCCMKT01","12.02","1751868226454","1"
"2016-11-17 15:30:00","BHMBCCMKT01","11.3","1751868226454","1"
"2016-11-24 11:00:00","BHMBCCMKT01","11.84","1751868226454","1"
"2016-10-07 12:30:00","BHMBCCMKT01","12.89","1751868226454","1"
"2016-10-06 09:30:00","BHMBCCMKT01","11.11","1751868226454","1"
"2016-11-01 11:00:00","BHMBCCMKT01","11.92","1751868226454","1"
"2016-10-17 15:31:00","BHMBCCMKT01","10.89","1751868226454","1"
"2016-10-14 13:27:00","BHMBCCMKT01","13.2","1751868226454","1"
"2016-11-15 07:57:00","BHMBCCMKT01","10.68","1751868226454","1"
"2016-11-01 15:00:00","BHMBCCMKT01","11.17","1751868226454","1"
"2016-11-03 10:00:00","BHMBCCMKT01","11.35","1751868226454","1"
"2016-11-18 11:34:00","BHMBCCMKT01","11.84","1751868226454","1"
"2016-10-17 12:04:00","BHMBCCMKT01","13.0","1751868226454","1"
"2016-11-14 14:33:00","BHMBCCMKT01","11.52","1751868226454","1"
"2016-11-03 09:00:00","BHMBCCMKT01","10.81","1751868226454","1"
"2016-10-04 11:25:00","BHMBCCMKT01","12.21","1751868226454","1"
"2016-11-13 16:27:00","BHMBCCMKT01","14.75","1751868226454","1"
"2016-10-16 08:27:00","BHMBCCMKT01","13.89","1751868226454","1"
"2016-10-30 07:59:00","BHMBCCMKT01","14.2","1751868226454","1"
"2016-10-28 10:29:00","BHMBCCMKT01","11.59","1751868226454","1"
"2016-10-12 14:34:00","BHMBCCMKT01","11.33","1751868226454","1"
"2016-11-07 08:00:00","BHMBCCMKT01","10.67","1751868226454","1"
"2016-11-27 11:01:00","BHMBCCMKT01","14.99","1751868226454","1"
"2016-10-12 16:31:00","BHMBCCMKT01","11.18","1751868226454","1"
"2016-10-06 13:30:00","BHMBCCMKT01","12.89","1751868226454","1"
"2016-11-09 11:00:00","BHMBCCMKT01","11.53","1751868226454","1"
"2016-10-04 16:31:00","BHMBCCMKT01","11.33","1751868226454","1"
"2016-10-17 14:04:00","BHMBCCMKT01","11.54","1751868226454","1"
"2016-10-05 12:04:00","BHMBCCMKT01","12.96","1751868226454","1"
"2016-11-21 14:04:00","BHMBCCMKT01","11.44","1751868226454","1"
"2016-11-07 15:00:00","BHMBCCMKT01","11.48","1751868226454","1"
"2016-10-12 15:57:00","BHMBCCMKT01","11.23","1751868226454","1"
"2016-10-16 14:01:00","BHMBCCMKT01","16.05","1751868226454","1"
"2016-11-16 11:27:00","BHMBCCMKT01","11.35","1751868226454","1"
"2016-11-04 12:33:00","BHMBCCMKT01","12.97","1751868226454","1"
"2016-11-26 09:01:00","BHMBCCMKT01","10.61","1751868226454","1"
"2016-10-04 16:04:00","BHMBCCMKT01","10.95","1751868226454","1"
"2016-11-09 16:34:00","BHMBCCMKT01","11.43","1751868226454","1"
"2016-11-26 09:35:00","BHMBCCMKT01","11.18","1751868226454","1"
"2016-11-28 09:28:00","BHMBCCMKT01","10.57","1751868226454","1"
"2016-11-27 14:31:00","BHMBCCMKT01","15.45","1751868226454","1"
"2016-10-09 16:30:00","BHMBCCMKT01","14.61","1751868226454","1"
"2016-10-17 10:31:00","BHMBCCMKT01","12.22","1751868226454","1"
"2016-11-13 12:27:00","BHMBCCMKT01","16.38","1751868226454","1"
"2016-10-13 15:31:00","BHMBCCMKT01","11.33","1751868226454","1"
"2016-11-17 08:04:00","BHMBCCMKT01","10.36","1751868226454","1"
"2016-10-10 09:04:00","BHMBCCMKT01","10.83","1751868226454","1"
"2016-10-25 13:03:00","BHMBCCMKT01","12.26","1751868226454","1"
"2016-10-18 12:27:00","BHMBCCMKT01","13.64","1751868226454","1"
"2016-10-19 14:32:00","BHMBCCMKT01","11.52","1751868226454","1"
"2016-10-22 10:26:00","BHMBCCMKT01","11.52","1751868226454","1"
"2016-11-04 13:26:00","BHMBCCMKT01","12.93","1751868226454","1"
"2016-11-22 10:04:00","BHMBCCMKT01","11.2","1751868226454","1"
"2016-10-15 15:01:00","BHMBCCMKT01","12.84","1751868226454","1"
"2016-10-14 08:27:00","BHMBCCMKT01","10.8","1751868226454","1"
"2016-10-05 09:04:00","BHMBCCMKT01","10.99","1751868226454","1"
"2016-11-29 15:28:00","BHMBCCMKT01","11.3","1751868226454","1"
"2016-11-28 08:01:00","BHMBCCMKT01","10.63","1751868226454","1"
"2016-10-13 11:04:00","BHMBCCMKT01","12.19","1751868226454","1"
"2016-11-25 10:27:00","BHMBCCMKT01","12.11","1751868226454","1"
"2016-11-24 08:27:00","BHMBCCMKT01","10.69","1751868226454","1"
"2016-10-23 14:26:00","BHMBCCMKT01","15.44","1751868226454","1"
"2016-11-20 15:27:00","BHMBCCMKT01","15.54","1751868226454","1"
"2016-10-25 10:29:00","BHMBCCMKT01","11.47","1751868226454","1"
"2016-11-15 10:30:00","BHMBCCMKT01","11.59","1751868226454","1"
"2016-10-12 11:04:00","BHMBCCMKT01","11.19","1751868226454","1"
"2016-11-02 13:30:00","BHMBCCMKT01","11.8","1751868226454","1"
"2016-10-15 11:01:00","BHMBCCMKT01","11.91","1751868226454","1"
"2016-11-23 11:31:00","BHMBCCMKT01","11.64","1751868226454","1"
"2016-10-24 08:29:00","BHMBCCMKT01","10.79","1751868226454","1"
"2016-11-02 10:56:00","BHMBCCMKT01","11.47","1751868226454","1"
"2016-11-11 08:00:00","BHMBCCMKT01","10.71","1751868226454","1"
"2016-11-29 10:28:00","BHMBCCMKT01","10.94","1751868226454","1"
"2016-11-09 08:27:00","BHMBCCMKT01","10.7","1751868226454","1"
"2016-10-14 11:27:00","BHMBCCMKT01","12.08","1751868226454","1"
"2016-10-09 13:04:00","BHMBCCMKT01","16.61","1751868226454","1"
"2016-11-15 15:57:00","BHMBCCMKT01","10.96","1751868226454","1"
"2016-10-27 10:59:00","BHMBCCMKT01","11.21","1751868226454","1"
"2016-11-10 13:00:00","BHMBCCMKT01","13.09","1751868226454","1"
"2016-10-26 12:59:00","BHMBCCMKT01","13.33","1751868226454","1"
"2016-10-12 11:31:00","BHMBCCMKT01","11.52","1751868226454","1"
"2016-10-23 08:26:00","BHMBCCMKT01","13.89","1751868226454","1"
"2016-11-24 13:04:00","BHMBCCMKT01","13.33","1751868226454","1"
"2016-11-30 09:28:00","BHMBCCMKT01","10.76","1751868226454","1"
"2016-11-02 15:29:00","BHMBCCMKT01","11.07","1751868226454","1"
"2016-11-15 14:30:00","BHMBCCMKT01","11.46","1751868226454","1"
"2016-11-16 15:33:00","BHMBCCMKT01","11.34","1751868226454","1"
"2016-11-24 09:00:00","BHMBCCMKT01","10.57","1751868226454","1"
"2016-11-14 15:27:00","BHMBCCMKT01","10.86","1751868226454","1"
"2016-10-27 08:59:00","BHMBCCMKT01","10.85","1751868226454","1"
"2016-10-18 13:28:00","BHMBCCMKT01","13.18","1751868226454","1"
"2016-11-09 16:00:00","BHMBCCMKT01","11.17","1751868226454","1"
"2016-10-19 10:59:00","BHMBCCMKT01","11.52","1751868226454","1"
"2016-10-26 13:26:00","BHMBCCMKT01","13.39","1751868226454","1"
"2016-10-16 10:04:00","BHMBCCMKT01","14.53","1751868226454","1"
"2016-11-28 09:02:00","BHMBCCMKT01","10.69","1751868226454","1"
"2016-10-09 08:30:00","BHMBCCMKT01","13.86","1751868226454","1"
"2016-11-04 15:26:00","BHMBCCMKT01","11.0","1751868226454","1"
"2016-11-12 10:27:00","BHMBCCMKT01","11.4","1751868226454","1"
"2016-11-15 15:03:00","BHMBCCMKT01","11.45","1751868226454","1"
"2016-11-12 09:27:00","BHMBCCMKT01","11.34","1751868226454","1"
"2016-10-25 16:29:00","BHMBCCMKT01","11.71","1751868226454","1"
"2016-11-05 08:59:00","BHMBCCMKT01","10.81","1751868226454","1"
"2016-10-15 12:01:00","BHMBCCMKT01","13.68","1751868226454","1"
"2016-11-12 08:00:00","BHMBCCMKT01","10.69","1751868226454","1"
"2016-10-17 11:04:00","BHMBCCMKT01","12.8","1751868226454","1"
"2016-11-03 12:26:00","BHMBCCMKT01","13.48","1751868226454","1"
"2016-10-17 11:31:00","BHMBCCMKT01","12.84","1751868226454","1"
"2016-11-18 11:01:00","BHMBCCMKT01","11.96","1751868226454","1"
"2016-11-14 12:00:00","BHMBCCMKT01","13.0","1751868226454","1"
"2016-10-06 08:30:00","BHMBCCMKT01","10.82","1751868226454","1"
"2016-10-28 15:29:00","BHMBCCMKT01","11.91","1751868226454","1"
"2016-11-22 09:04:00","BHMBCCMKT01","11.07","1751868226454","1"
"2016-11-25 14:34:00","BHMBCCMKT01","12.57","1751868226454","1"
"2016-11-03 10:26:00","BHMBCCMKT01","11.3","1751868226454","1"
"2016-10-10 15:30:00","BHMBCCMKT01","10.8","1751868226454","1"
"2016-10-26 11:26:00","BHMBCCMKT01","11.77","1751868226454","1"
"2016-10-06 08:57:00","BHMBCCMKT01","10.86","1751868226454","1"
"2016-11-20 14:27:00","BHMBCCMKT01","15.83","1751868226454","1"
"2016-10-27 13:59:00","BHMBCCMKT01","12.36","1751868226454","1"
"2016-10-26 10:26:00","BHMBCCMKT01","10.91","1751868226454","1"
"2016-11-16 13:00:00","BHMBCCMKT01","12.95","1751868226454","1"
"2016-10-28 12:29:00","BHMBCCMKT01","13.64","1751868226454","1"
"2016-10-23 14:59:00","BHMBCCMKT01","15.41","1751868226454","1"
"2016-11-09 09:00:00","BHMBCCMKT01","10.87","1751868226454","1"
"2016-11-19 09:31:00","BHMBCCMKT01","11.47","1751868226454","1"
"2016-10-11 14:30:00","BHMBCCMKT01","11.68","1751868226454","1"
"2016-11-07 14:33:00","BHMBCCMKT01","11.19","1751868226454","1"
"2016-11-29 14:28:00","BHMBCCMKT01","11.58","1751868226454","1"
"2016-10-28 13:02:00","BHMBCCMKT01","13.36","1751868226454","1"
"2016-10-17 12:31:00","BHMBCCMKT01","12.98","1751868226454","1"
"2016-11-17 14:58:00","BHMBCCMKT01","11.63","1751868226454","1"
"2016-10-13 07:57:00","BHMBCCMKT01","10.93","1751868226454","1"
"2016-11-13 13:33:00","BHMBCCMKT01","16.81","1751868226454","1"
"2016-10-14 09:27:00","BHMBCCMKT01","11.13","1751868226454","1"
"2016-10-17 16:28:00","BHMBCCMKT01","11.51","1751868226454","1"
"2016-11-25 08:00:00","BHMBCCMKT01","10.74","1751868226454","1"
"2016-11-12 11:34:00","BHMBCCMKT01","12.23","1751868226454","1"
"2016-10-29 16:26:00","BHMBCCMKT01","12.24","1751868226454","1"
"2016-10-26 14:59:00","BHMBCCMKT01","12.1","1751868226454","1"
"2016-10-28 11:29:00","BHMBCCMKT01","12.13","1751868226454","1"
"2016-11-04 11:00:00","BHMBCCMKT01","12.51","1751868226454","1"
"2016-10-23 13:26:00","BHMBCCMKT01","16.42","1751868226454","1"
"2016-11-10 15:00:00","BHMBCCMKT01","11.42","1751868226454","1"
"2016-10-17 13:31:00","BHMBCCMKT01","12.53","1751868226454","1"
"2016-10-22 12:59:00","BHMBCCMKT01","14.06","1751868226454","1"
"2016-10-18 15:55:00","BHMBCCMKT01","11.36","1751868226454","1"
"2016-10-19 11:25:00","BHMBCCMKT01","11.75","1751868226454","1"
"2016-10-15 10:01:00","BHMBCCMKT01","11.51","1751868226454","1"
"2016-10-07 13:04:00","BHMBCCMKT01","13.19","1751868226454","1"
"2016-10-23 07:59:00","BHMBCCMKT01","14.22","1751868226454","1"
"2016-10-22 11:32:00","BHMBCCMKT01","12.04","1751868226454","1"
"2016-10-26 07:59:00","BHMBCCMKT01","10.46","1751868226454","1"
"2016-11-30 12:01:00","BHMBCCMKT01","13.11","1751868226454","1"
"2016-11-03 13:59:00","BHMBCCMKT01","11.93","1751868226454","1"
"2016-10-22 07:59:00","BHMBCCMKT01","11.26","1751868226454","1"
"2016-10-29 07:59:00","BHMBCCMKT01","10.77","1751868226454","1"
"2016-11-29 07:55:00","BHMBCCMKT01","10.96","1751868226454","1"
"2016-10-13 09:31:00","BHMBCCMKT01","11.11","1751868226454","1"
"2016-10-05 14:30:00","BHMBCCMKT01","12.73","1751868226454","1"
"2016-11-06 15:00:00","BHMBCCMKT01","15.24","1751868226454","1"
"2016-11-28 16:28:00","BHMBCCMKT01","11.48","1751868226454","1"
"2016-11-18 10:01:00","BHMBCCMKT01","11.21","1751868226454","1"
"2016-10-28 14:29:00","BHMBCCMKT01","13.34","1751868226454","1"
"2016-11-19 08:57:00","BHMBCCMKT01","10.77","1751868226454","1"
"2016-10-24 13:30:00","BHMBCCMKT01","13.09","1751868226454","1"
"2016-11-18 13:34:00","BHMBCCMKT01","13.6","1751868226454","1"
"2016-11-29 09:02:00","BHMBCCMKT01","10.84","1751868226454","1"
"2016-11-25 08:00:00","BHMBCCMKT01","10.74","1751868226454","1"
"2016-10-29 10:26:00","BHMBCCMKT01","11.22","1751868226454","1"
"2016-10-12 13:34:00","BHMBCCMKT01","12.89","1751868226454","1"
"2016-10-30 15:32:00","BHMBCCMKT01","14.81","1751868226454","1"
"2016-11-12 15:27:00","BHMBCCMKT01","12.71","1751868226454","1"
"2016-10-18 09:01:00","BHMBCCMKT01","10.87","1751868226454","1"
"2016-10-31 12:00:00","BHMBCCMKT01","13.52","1751868226454","1"
"2016-11-22 07:57:00","BHMBCCMKT01","10.64","1751868226454","1"
"2016-10-28 13:29:00","BHMBCCMKT01","13.54","1751868226454","1"
"2016-10-31 09:00:00","BHMBCCMKT01","10.84","1751868226454","1"
"2016-11-19 14:04:00","BHMBCCMKT01","14.41","1751868226454","1"
"2016-10-07 08:03:00","BHMBCCMKT01","10.93","1751868226454","1"
"2016-11-13 11:00:00","BHMBCCMKT01","14.72","1751868226454","1"
"2016-11-13 13:07:00","BHMBCCMKT01","16.75","1751868226454","1"
"2016-11-28 08:32:00","BHMBCCMKT01","10.33","1751868226454","1"
"2016-10-04 09:59:00","BHMBCCMKT01","11.03","1751868226454","1"
"2016-11-11 13:00:00","BHMBCCMKT01","12.89","1751868226454","1"
"2016-10-06 15:31:00","BHMBCCMKT01","11.04","1751868226454","1"
"2016-10-26 11:59:00","BHMBCCMKT01","11.98","1751868226454","1"
"2016-11-20 08:01:00","BHMBCCMKT01","13.96","1751868226454","1"
"2016-10-14 15:27:00","BHMBCCMKT01","11.08","1751868226454","1"
"2016-11-10 16:00:00","BHMBCCMKT01","11.21","1751868226454","1"
"2016-11-21 14:57:00","BHMBCCMKT01","12.71","1751868226454","1"
"2016-10-11 16:26:00","BHMBCCMKT01","11.25","1751868226454","1"
"2016-10-11 12:30:00","BHMBCCMKT01","13.42","1751868226454","1"
"2016-11-13 14:27:00","BHMBCCMKT01","15.48","1751868226454","1"
"2016-10-08 16:04:00","BHMBCCMKT01","12.43","1751868226454","1"
"2016-10-04 10:26:00","BHMBCCMKT01","11.62","1751868226454","1"
"2016-11-05 13:33:00","BHMBCCMKT01","13.89","1751868226454","1"
"2016-11-29 14:55:00","BHMBCCMKT01","11.3","1751868226454","1"
"2016-10-07 09:57:00","BHMBCCMKT01","10.92","1751868226454","1"
"2016-10-16 08:04:00","BHMBCCMKT01","14.22","1751868226454","1"
"2016-11-02 16:03:00","BHMBCCMKT01","11.24","1751868226454","1"
"2016-10-27 16:26:00","BHMBCCMKT01","12.04","1751868226454","1"
"2016-10-16 09:27:00","BHMBCCMKT01","14.26","1751868226454","1"
"2016-10-17 12:57:00","BHMBCCMKT01","12.85","1751868226454","1"
"2016-11-17 09:57:00","BHMBCCMKT01","11.17","1751868226454","1"
"2016-10-07 15:04:00","BHMBCCMKT01","11.79","1751868226454","1"
"2016-11-13 11:27:00","BHMBCCMKT01","14.64","1751868226454","1"
"2016-11-12 12:00:00","BHMBCCMKT01","13.61","1751868226454","1"
"2016-11-15 12:30:00","BHMBCCMKT01","13.29","1751868226454","1"
"2016-10-06 07:57:00","BHMBCCMKT01","10.8","1751868226454","1"
"2016-11-13 09:00:00","BHMBCCMKT01","14.12","1751868226454","1"
"2016-11-07 11:59:00","BHMBCCMKT01","11.33","1751868226454","1"
"2016-11-03 09:26:00","BHMBCCMKT01","10.9","1751868226454","1"
"2016-11-17 11:31:00","BHMBCCMKT01","12.13","1751868226454","1"
"2016-10-25 09:19:00","BHMBCCMKT01","11.11","1751868226454","1"
"2016-10-29 12:26:00","BHMBCCMKT01","13.97","1751868226454","1"
"2016-11-22 14:31:00","BHMBCCMKT01","11.88","1751868226454","1"
"2016-10-24 11:03:00","BHMBCCMKT01","11.57","1751868226454","1"
"2016-11-29 13:28:00","BHMBCCMKT01","13.09","1751868226454","1"
"2016-10-04 14:02:00","BHMBCCMKT01","13.1","1751868226454","1"
"2016-11-08 14:00:00","BHMBCCMKT01","11.5","1751868226454","1"
"2016-11-29 11:01:00","BHMBCCMKT01","11.36","1751868226454","1"
"2016-11-23 08:30:00","BHMBCCMKT01","10.33","1751868226454","1"
"2016-10-10 11:57:00","BHMBCCMKT01","11.67","1751868226454","1"
"2016-11-06 13:26:00","BHMBCCMKT01","16.74","1751868226454","1"
"2016-10-16 12:27:00","BHMBCCMKT01","16.02","1751868226454","1"
"2016-10-08 10:04:00","BHMBCCMKT01","11.53","1751868226454","1"
"2016-10-26 15:59:00","BHMBCCMKT01","11.31","1751868226454","1"
"2016-11-01 13:26:00","BHMBCCMKT01","13.38","1751868226454","1"
"2016-10-25 12:02:00","BHMBCCMKT01","13.41","1751868226454","1"
"2016-10-28 14:02:00","BHMBCCMKT01","13.03","1751868226454","1"
"2016-11-10 08:00:00","BHMBCCMKT01","10.37","1751868226454","1"
"2016-11-11 11:00:00","BHMBCCMKT01","11.85","1751868226454","1"
"2016-11-19 13:31:00","BHMBCCMKT01","13.92","1751868226454","1"
"2016-11-28 15:02:00","BHMBCCMKT01","11.12","1751868226454","1"
"2016-11-23 11:57:00","BHMBCCMKT01","11.37","1751868226454","1"
"2016-10-28 08:16:00","BHMBCCMKT01","10.93","1751868226454","1"
"2016-10-18 15:27:00","BHMBCCMKT01","11.39","1751868226454","1"
"2016-11-26 15:28:00","BHMBCCMKT01","13.21","1751868226454","1"
"2016-11-04 15:00:00","BHMBCCMKT01","11.39","1751868226454","1"
"2016-11-06 13:59:00","BHMBCCMKT01","15.53","1751868226454","1"
"2016-11-15 14:03:00","BHMBCCMKT01","12.08","1751868226454","1"
"2016-11-03 13:26:00","BHMBCCMKT01","13.48","1751868226454","1"
"2016-11-28 10:32:00","BHMBCCMKT01","10.98","1751868226454","1"
"2016-10-30 12:26:00","BHMBCCMKT01","16.86","1751868226454","1"
"2016-10-19 09:58:00","BHMBCCMKT01","11.15","1751868226454","1"
"2016-11-23 08:04:00","BHMBCCMKT01","10.66","1751868226454","1"
"2016-10-04 14:57:00","BHMBCCMKT01","11.35","1751868226454","1"
"2016-10-26 09:26:00","BHMBCCMKT01","11.07","1751868226454","1"
"2016-11-07 13:33:00","BHMBCCMKT01","12.88","1751868226454","1"
"2016-10-25 08:26:00","BHMBCCMKT01","10.79","1751868226454","1"
"2016-11-04 09:33:00","BHMBCCMKT01","10.98","1751868226454","1"
"2016-10-25 09:00:00","BHMBCCMKT01","11.38","1751868226454","1"
"2016-10-10 10:30:00","BHMBCCMKT01","11.46","1751868226454","1"
"2016-10-08 12:04:00","BHMBCCMKT01","13.68","1751868226454","1"
"2016-10-29 08:26:00","BHMBCCMKT01","10.79","1751868226454","1"
"2016-11-08 13:00:00","BHMBCCMKT01","13.44","1751868226454","1"
"2016-10-08 10:57:00","BHMBCCMKT01","12.3","1751868226454","1"
"2016-10-08 12:30:00","BHMBCCMKT01","13.88","1751868226454","1"
"2016-11-20 09:01:00","BHMBCCMKT01","14.23","1751868226454","1"
"2016-10-08 13:04:00","BHMBCCMKT01","13.87","1751868226454","1"
"2016-10-26 16:32:00","BHMBCCMKT01","11.5","1751868226454","1"
"2016-11-06 11:59:00","BHMBCCMKT01","14.97","1751868226454","1"
"2016-10-14 10:27:00","BHMBCCMKT01","11.53","1751868226454","1"
"2016-11-17 14:04:00","BHMBCCMKT01","11.36","1751868226454","1"
"2016-11-11 13:34:00","BHMBCCMKT01","12.9","1751868226454","1"
"2016-10-05 16:30:00","BHMBCCMKT01","10.73","1751868226454","1"
"2016-11-16 12:00:00","BHMBCCMKT01","11.54","1751868226454","1"
"2016-10-10 14:03:00","BHMBCCMKT01","12.74","1751868226454","1"
"2016-11-23 16:30:00","BHMBCCMKT01","10.96","1751868226454","1"
"2016-10-08 15:30:00","BHMBCCMKT01","12.68","1751868226454","1"
"2016-10-29 14:26:00","BHMBCCMKT01","12.66","1751868226454","1"
"2016-10-27 09:32:00","BHMBCCMKT01","11.08","1751868226454","1"
"2016-11-28 14:32:00","BHMBCCMKT01","11.85","1751868226454","1"
"2016-10-26 13:59:00","BHMBCCMKT01","12.27","1751868226454","1"
"2016-11-05 15:26:00","BHMBCCMKT01","12.47","1751868226454","1"
"2016-11-06 09:00:00","BHMBCCMKT01","14.17","1751868226454","1"
"2016-10-27 10:25:00","BHMBCCMKT01","11.01","1751868226454","1"
"2016-10-23 13:06:00","BHMBCCMKT01","17.01","1751868226454","1"
"2016-10-06 16:30:00","BHMBCCMKT01","11.26","1751868226454","1"
"2016-11-05 09:59:00","BHMBCCMKT01","11.16","1751868226454","1"
"2016-11-19 10:31:00","BHMBCCMKT01","11.84","1751868226454","1"
"2016-10-06 11:30:00","BHMBCCMKT01","11.82","1751868226454","1"
"2016-10-04 15:30:00","BHMBCCMKT01","11.43","1751868226454","1"
"2016-10-30 09:25:00","BHMBCCMKT01","13.87","1751868226454","1"
"2016-10-13 09:57:00","BHMBCCMKT01","10.92","1751868226454","1"
"2016-10-11 16:01:00","BHMBCCMKT01","10.89","1751868226454","1"
"2016-11-29 13:02:00","BHMBCCMKT01","13.43","1751868226454","1"
"2016-10-31 16:00:00","BHMBCCMKT01","11.27","1751868226454","1"
"2016-11-03 08:26:00","BHMBCCMKT01","10.79","1751868226454","1"
"2016-11-08 08:59:00","BHMBCCMKT01","10.75","1751868226454","1"
"2016-11-21 10:04:00","BHMBCCMKT01","10.69","1751868226454","1"
"2016-10-12 12:31:00","BHMBCCMKT01","11.8","1751868226454","1"
"2016-11-19 13:04:00","BHMBCCMKT01","14.12","1751868226454","1"
"2016-10-10 16:30:00","BHMBCCMKT01","11.53","1751868226454","1"
"2016-11-08 10:33:00","BHMBCCMKT01","11.49","1751868226454","1"
"2016-11-13 08:27:00","BHMBCCMKT01","14.11","1751868226454","1"
"2016-10-18 10:01:00","BHMBCCMKT01","11.47","1751868226454","1"
"2016-11-18 15:28:00","BHMBCCMKT01","11.62","1751868226454","1"
"2016-10-18 12:01:00","BHMBCCMKT01","13.33","1751868226454","1"
"2016-10-31 09:26:00","BHMBCCMKT01","11.09","1751868226454","1"
"2016-11-12 15:00:00","BHMBCCMKT01","12.88","1751868226454","1"
"2016-10-27 11:32:00","BHMBCCMKT01","11.94","1751868226454","1"
"2016-11-22 13:57:00","BHMBCCMKT01","11.98","1751868226454","1"
"2016-11-12 14:27:00","BHMBCCMKT01","14.06","1751868226454","1"
"2016-11-09 11:27:00","BHMBCCMKT01","11.3","1751868226454","1"
"2016-10-30 09:59:00","BHMBCCMKT01","14.22","1751868226454","1"
"2016-10-11 15:03:00","BHMBCCMKT01","11.11","1751868226454","1"
"2016-11-13 09:34:00","BHMBCCMKT01","14.46","1751868226454","1"
"2016-11-22 15:57:00","BHMBCCMKT01","10.97","1751868226454","1"
"2016-11-17 08:31:00","BHMBCCMKT01","10.84","1751868226454","1"
"2016-10-14 13:01:00","BHMBCCMKT01","13.41","1751868226454","1"
"2016-11-22 16:30:00","BHMBCCMKT01","10.9","1751868226454","1"
"2016-11-05 13:59:00","BHMBCCMKT01","12.4","1751868226454","1"
"2016-11-23 15:04:00","BHMBCCMKT01","11.25","1751868226454","1"
"2016-10-09 11:30:00","BHMBCCMKT01","15.12","1751868226454","1"
"2016-10-06 10:03:00","BHMBCCMKT01","11.42","1751868226454","1"
"2016-10-23 09:26:00","BHMBCCMKT01","14.36","1751868226454","1"
"2016-11-24 14:30:00","BHMBCCMKT01","11.83","1751868226454","1"
"2016-10-24 12:02:00","BHMBCCMKT01","12.73","1751868226454","1"
"2016-11-10 15:27:00","BHMBCCMKT01","11.37","1751868226454","1"
"2016-10-25 15:02:00","BHMBCCMKT01","12.37","1751868226454","1"
"2016-10-26 12:26:00","BHMBCCMKT01","12.88","1751868226454","1"
"2016-11-21 11:04:00","BHMBCCMKT01","11.39","1751868226454","1"
"2016-11-01 14:26:00","BHMBCCMKT01","12.05","1751868226454","1"
"2016-11-02 11:56:00","BHMBCCMKT01","11.51","1751868226454","1"
"2016-11-21 08:04:00","BHMBCCMKT01","10.65","1751868226454","1"
"2016-10-04 14:29:00","BHMBCCMKT01","12.13","1751868226454","1"
"2016-11-02 14:03:00","BHMBCCMKT01","11.34","1751868226454","1"
"2016-11-13 16:00:00","BHMBCCMKT01","14.92","1751868226454","1"
"2016-10-13 11:31:00","BHMBCCMKT01","11.95","1751868226454","1"
"2016-11-06 10:59:00","BHMBCCMKT01","14.96","1751868226454","1"
"2016-11-22 13:31:00","BHMBCCMKT01","13.35","1751868226454","1"
"2016-10-11 08:04:00","BHMBCCMKT01","10.46","1751868226454","1"
"2016-10-04 11:59:00","BHMBCCMKT01","12.26","1751868226454","1"
"2016-11-14 08:00:00","BHMBCCMKT01","11.01","1751868226454","1"
"2016-11-23 14:30:00","BHMBCCMKT01","11.49","1751868226454","1"
"2016-10-27 15:26:00","BHMBCCMKT01","12.02","1751868226454","1"
"2016-10-19 11:59:00","BHMBCCMKT01","12.97","1751868226454","1"
"2016-10-09 13:30:00","BHMBCCMKT01","16.48","1751868226454","1"
"2016-10-12 09:03:00","BHMBCCMKT01","10.5","1751868226454","1"
"2016-10-10 11:30:00","BHMBCCMKT01","11.62","1751868226454","1"
"2016-11-25 09:27:00","BHMBCCMKT01","11.16","1751868226454","1"
"2016-10-05 13:57:00","BHMBCCMKT01","11.74","1751868226454","1"
"2016-11-14 10:27:00","BHMBCCMKT01","11.26","1751868226454","1"
"2016-11-04 14:26:00","BHMBCCMKT01","11.57","1751868226454","1"
"2016-11-27 15:01:00","BHMBCCMKT01","15.28","1751868226454","1"
"2016-11-01 09:00:00","BHMBCCMKT01","10.99","1751868226454","1"
"2016-10-13 16:31:00","BHMBCCMKT01","11.27","1751868226454","1"
"2016-10-15 15:27:00","BHMBCCMKT01","12.44","1751868226454","1"
"2016-11-11 10:00:00","BHMBCCMKT01","11.23","1751868226454","1"
"2016-10-24 09:03:00","BHMBCCMKT01","10.95","1751868226454","1"
"2016-10-11 10:57:00","BHMBCCMKT01","11.72","1751868226454","1"
"2016-10-13 13:57:00","BHMBCCMKT01","12.01","1751868226454","1"
"2016-11-03 11:00:00","BHMBCCMKT01","11.92","1751868226454","1"
"2016-10-25 10:56:00","BHMBCCMKT01","11.73","1751868226454","1"
"2016-10-19 13:25:00","BHMBCCMKT01","12.57","1751868226454","1"
"2016-11-15 09:57:00","BHMBCCMKT01","11.19","1751868226454","1"
"2016-11-27 12:32:00","BHMBCCMKT01","17.03","1751868226454","1"
"2016-11-13 15:00:00","BHMBCCMKT01","15.28","1751868226454","1"
"2016-10-30 10:25:00","BHMBCCMKT01","14.42","1751868226454","1"
"2016-11-30 08:02:00","BHMBCCMKT01","10.61","1751868226454","1"
"2016-11-26 14:41:00","BHMBCCMKT01","14.91","1751868226454","1"
"2016-10-19 15:59:00","BHMBCCMKT01","10.87","1751868226454","1"
"2016-11-30 10:55:00","BHMBCCMKT01","11.55","1751868226454","1"
"2016-11-14 11:00:00","BHMBCCMKT01","11.73","1751868226454","1"
"2016-11-26 10:01:00","BHMBCCMKT01","11.21","1751868226454","1"
"2016-11-10 13:34:00","BHMBCCMKT01","13.19","1751868226454","1"
"2016-10-09 16:03:00","BHMBCCMKT01","15.18","1751868226454","1"
"2016-11-12 14:00:00","BHMBCCMKT01","12.7","1751868226454","1"
"2016-10-14 16:34:00","BHMBCCMKT01","11.29","1751868226454","1"
"2016-11-07 13:59:00","BHMBCCMKT01","11.82","1751868226454","1"
"2016-11-21 14:31:00","BHMBCCMKT01","11.02","1751868226454","1"
"2016-10-13 09:04:00","BHMBCCMKT01","11.02","1751868226454","1"
"2016-10-13 13:04:00","BHMBCCMKT01","13.12","1751868226454","1"
"2016-10-24 16:00:00","BHMBCCMKT01","11.42","1751868226454","1"
"2016-10-15 16:01:00","BHMBCCMKT01","12.57","1751868226454","1"
"2016-11-26 12:01:00","BHMBCCMKT01","14.1","1751868226454","1"
"2016-11-28 12:01:00","BHMBCCMKT01","13.21","1751868226454","1"
"2016-11-30 12:28:00","BHMBCCMKT01","13.14","1751868226454","1"
"2016-11-02 09:30:00","BHMBCCMKT01","11.04","1751868226454","1"
"2016-10-19 09:32:00","BHMBCCMKT01","10.68","1751868226454","1"
"2016-11-02 14:56:00","BHMBCCMKT01","11.64","1751868226454","1"
"2016-10-26 08:59:00","BHMBCCMKT01","10.86","1751868226454","1"
"2016-11-07 08:59:00","BHMBCCMKT01","10.76","1751868226454","1"
"2016-10-16 13:01:00","BHMBCCMKT01","16.34","1751868226454","1"
"2016-10-05 15:30:00","BHMBCCMKT01","11.26","1751868226454","1"
"2016-10-08 08:57:00","BHMBCCMKT01","11.21","1751868226454","1"
"2016-10-23 11:59:00","BHMBCCMKT01","15.44","1751868226454","1"
"2016-10-23 13:59:00","BHMBCCMKT01","15.66","1751868226454","1"
"2016-10-12 15:30:00","BHMBCCMKT01","11.59","1751868226454","1"
"2016-11-10 11:00:00","BHMBCCMKT01","11.81","1751868226454","1"
"2016-11-14 11:27:00","BHMBCCMKT01","12.76","1751868226454","1"
"2016-11-25 14:00:00","BHMBCCMKT01","12.58","1751868226454","1"
"2016-10-30 11:59:00","BHMBCCMKT01","16.16","1751868226454","1"
"2016-10-07 16:30:00","BHMBCCMKT01","11.28","1751868226454","1"
"2016-10-10 14:30:00","BHMBCCMKT01","11.51","1751868226454","1"
"2016-10-07 10:30:00","BHMBCCMKT01","13.13","1751868226454","1"
"2016-11-04 16:26:00","BHMBCCMKT01","10.75","1751868226454","1"
"2016-10-22 10:59:00","BHMBCCMKT01","12.18","1751868226454","1"
"2016-11-05 15:00:00","BHMBCCMKT01","12.51","1751868226454","1"
"2016-10-31 10:26:00","BHMBCCMKT01","11.4","1751868226454","1"
"2016-11-02 16:30:00","BHMBCCMKT01","11.2","1751868226454","1"
"2016-11-10 10:27:00","BHMBCCMKT01","11.25","1751868226454","1"
"2016-10-10 15:57:00","BHMBCCMKT01","11.4","1751868226454","1"
"2016-11-21 15:31:00","BHMBCCMKT01","11.12","1751868226454","1"
"2016-11-08 16:01:00","BHMBCCMKT01","11.25","1751868226454","1"
"2016-11-04 08:26:00","BHMBCCMKT01","10.46","1751868226454","1"
"2016-11-12 16:34:00","BHMBCCMKT01","12.31","1751868226454","1"
"2016-10-04 13:29:00","BHMBCCMKT01","13.48","1751868226454","1"
"2016-11-21 11:57:00","BHMBCCMKT01","11.63","1751868226454","1"
"2016-11-23 10:31:00","BHMBCCMKT01","11.4","1751868226454","1"
"2016-10-05 11:04:00","BHMBCCMKT01","11.28","1751868226454","1"
"2016-11-06 12:26:00","BHMBCCMKT01","16.57","1751868226454","1"
"2016-11-26 10:35:00","BHMBCCMKT01","11.7","1751868226454","1"
"2016-11-08 15:00:00","BHMBCCMKT01","12.82","1751868226454","1"
"2016-10-06 12:30:00","BHMBCCMKT01","13.22","1751868226454","1"
"2016-11-14 13:00:00","BHMBCCMKT01","12.55","1751868226454","1"
"2016-11-14 13:27:00","BHMBCCMKT01","13.17","1751868226454","1"
"2016-10-05 10:30:00","BHMBCCMKT01","12.79","1751868226454","1"
"2016-11-12 09:00:00","BHMBCCMKT01","10.76","1751868226454","1"
"2016-11-12 13:00:00","BHMBCCMKT01","14.08","1751868226454","1"
"2016-10-23 11:26:00","BHMBCCMKT01","15.03","1751868226454","1"
"2016-10-23 10:59:00","BHMBCCMKT01","14.97","1751868226454","1"
"2016-11-27 11:31:00","BHMBCCMKT01","15.21","1751868226454","1"
"2016-10-24 11:29:00","BHMBCCMKT01","11.65","1751868226454","1"
"2016-11-24 16:31:00","BHMBCCMKT01","11.15","1751868226454","1"
"2016-10-09 15:30:00","BHMBCCMKT01","14.97","1751868226454","1"
"2016-11-30 11:28:00","BHMBCCMKT01","11.8","1751868226454","1"
"2016-11-19 12:04:00","BHMBCCMKT01","13.42","1751868226454","1"
"2016-11-11 15:00:00","BHMBCCMKT01","11.22","1751868226454","1"
"2016-10-19 12:58:00","BHMBCCMKT01","13.03","1751868226454","1"
"2016-11-27 16:32:00","BHMBCCMKT01","15.05","1751868226454","1"
"2016-11-25 12:00:00","BHMBCCMKT01","13.82","1751868226454","1"
"2016-10-14 16:01:00","BHMBCCMKT01","11.17","1751868226454","1"
"2016-10-10 10:03:00","BHMBCCMKT01","11.09","1751868226454","1"
"2016-11-15 11:03:00","BHMBCCMKT01","13.1","1751868226454","1"
"2016-11-27 08:32:00","BHMBCCMKT01","14.1","1751868226454","1"
"2016-11-03 12:00:00","BHMBCCMKT01","13.17","1751868226454","1"
"2016-11-25 13:00:00","BHMBCCMKT01","13.72","1751868226454","1"
"2016-11-27 10:01:00","BHMBCCMKT01","14.16","1751868226454","1"
"2016-11-03 14:26:00","BHMBCCMKT01","12.82","1751868226454","1"
"2016-10-09 14:03:00","BHMBCCMKT01","16.56","1751868226454","1"
"2016-11-01 12:00:00","BHMBCCMKT01","13.37","1751868226454","1"
"2016-11-20 12:34:00","BHMBCCMKT01","17.23","1751868226454","1"
"2016-11-07 09:26:00","BHMBCCMKT01","10.95","1751868226454","1"
"2016-10-11 15:33:00","BHMBCCMKT01","11.4","1751868226454","1"
"2016-11-03 16:03:00","BHMBCCMKT01","11.09","1751868226454","1"
"2016-11-04 08:00:00","BHMBCCMKT01","10.42","1751868226454","1"
"2016-10-23 08:59:00","BHMBCCMKT01","14.24","1751868226454","1"
"2016-11-20 10:27:00","BHMBCCMKT01","14.2","1751868226454","1"
"2016-11-26 13:28:00","BHMBCCMKT01","14.28","1751868226454","1"
"2016-11-10 09:27:00","BHMBCCMKT01","10.83","1751868226454","1"
"2016-10-22 08:26:00","BHMBCCMKT01","10.81","1751868226454","1"
"2016-11-03 15:00:00","BHMBCCMKT01","11.51","1751868226454","1"
"2016-11-23 15:31:00","BHMBCCMKT01","11.22","1751868226454","1"
"2016-11-05 10:59:00","BHMBCCMKT01","11.64","1751868226454","1"
"2016-10-08 13:30:00","BHMBCCMKT01","13.92","1751868226454","1"
"2016-10-10 10:57:00","BHMBCCMKT01","11.47","1751868226454","1"
"2016-11-16 15:00:00","BHMBCCMKT01","11.4","1751868226454","1"
"2016-10-11 12:03:00","BHMBCCMKT01","13.31","1751868226454","1"
"2016-10-22 15:59:00","BHMBCCMKT01","12.44","1751868226454","1"
"2016-11-23 13:04:00","BHMBCCMKT01","13.0","1751868226454","1"
"2016-11-06 08:00:00","BHMBCCMKT01","14.16","1751868226454","1"
"2016-11-14 09:00:00","BHMBCCMKT01","10.73","1751868226454","1"
"2016-10-24 09:30:00","BHMBCCMKT01","11.34","1751868226454","1"
"2016-10-28 08:16:00","BHMBCCMKT01","10.8","1751868226454","1"
"2016-11-06 10:26:00","BHMBCCMKT01","14.38","1751868226454","1"
"2016-10-07 09:30:00","BHMBCCMKT01","11.14","1751868226454","1"
"2016-11-05 10:33:00","BHMBCCMKT01","11.64","1751868226454","1"
"2016-10-08 11:30:00","BHMBCCMKT01","12.11","1751868226454","1"
"2016-10-24 13:56:00","BHMBCCMKT01","11.95","1751868226454","1"
"2016-10-07 12:03:00","BHMBCCMKT01","13.24","1751868226454","1"
"2016-10-17 08:27:00","BHMBCCMKT01","10.45","1751868226454","1"
"2016-10-18 14:27:00","BHMBCCMKT01","11.72","1751868226454","1"
"2016-11-18 12:01:00","BHMBCCMKT01","13.21","1751868226454","1"
"2016-11-11 12:00:00","BHMBCCMKT01","13.14","1751868226454","1"
"2016-11-22 10:31:00","BHMBCCMKT01","11.51","1751868226454","1"
"2016-11-01 14:00:00","BHMBCCMKT01","11.99","1751868226454","1"
"2016-11-27 15:32:00","BHMBCCMKT01","15.77","1751868226454","1"
"2016-10-23 15:59:00","BHMBCCMKT01","14.96","1751868226454","1"
"2016-11-11 14:00:00","BHMBCCMKT01","11.59","1751868226454","1"
"2016-10-18 11:27:00","BHMBCCMKT01","12.12","1751868226454","1"
"2016-10-18 11:01:00","BHMBCCMKT01","11.75","1751868226454","1"
"2016-11-16 11:00:00","BHMBCCMKT01","11.96","1751868226454","1"
"2016-10-08 07:57:00","BHMBCCMKT01","10.8","1751868226454","1"
"2016-10-09 14:30:00","BHMBCCMKT01","15.37","1751868226454","1"
"2016-10-18 08:28:00","BHMBCCMKT01","10.94","1751868226454","1"
"2016-10-17 14:57:00","BHMBCCMKT01","11.21","1751868226454","1"
"2016-10-14 12:27:00","BHMBCCMKT01","11.72","1751868226454","1"
"2016-10-31 08:00:00","BHMBCCMKT01","10.76","1751868226454","1"
"2016-11-01 12:26:00","BHMBCCMKT01","13.39","1751868226454","1"
"2016-11-27 14:02:00","BHMBCCMKT01","15.8","1751868226454","1"
"2016-10-12 12:04:00","BHMBCCMKT01","12.79","1751868226454","1"
"2016-10-07 15:57:00","BHMBCCMKT01","11.4","1751868226454","1"
"2016-11-10 10:00:00","BHMBCCMKT01","11.1","1751868226454","1"
"2016-10-18 13:01:00","BHMBCCMKT01","13.56","1751868226454","1"
"2016-10-22 15:26:00","BHMBCCMKT01","12.66","1751868226454","1"
"2016-11-17 14:30:00","BHMBCCMKT01","11.74","1751868226454","1"
"2016-11-23 10:04:00","BHMBCCMKT01","10.67","1751868226454","1"
"2016-10-30 11:25:00","BHMBCCMKT01","15.03","1751868226454","1"
"2016-11-09 15:00:00","BHMBCCMKT01","11.62","1751868226454","1"
"2016-10-27 14:26:00","BHMBCCMKT01","12.56","1751868226454","1"
"2016-10-31 11:00:00","BHMBCCMKT01","11.7","1751868226454","1"
"2016-10-30 13:06:00","BHMBCCMKT01","16.51","1751868226454","1"
"2016-11-24 09:34:00","BHMBCCMKT01","10.71","1751868226454","1"
"2016-10-13 10:31:00","BHMBCCMKT01","11.7","1751868226454","1"
"2016-11-04 16:00:00","BHMBCCMKT01","11.3","1751868226454","1"
"2016-10-09 09:30:00","BHMBCCMKT01","14.2","1751868226454","1"
"2016-11-23 13:31:00","BHMBCCMKT01","12.77","1751868226454","1"
"2016-10-27 12:26:00","BHMBCCMKT01","13.43","1751868226454","1"
"2016-10-11 10:30:00","BHMBCCMKT01","11.57","1751868226454","1"
"2016-10-25 13:56:00","BHMBCCMKT01","13.08","1751868226454","1"
"2016-10-24 16:33:00","BHMBCCMKT01","11.14","1751868226454","1"
"2016-10-09 12:30:00","BHMBCCMKT01","16.99","1751868226454","1"
"2016-11-18 14:01:00","BHMBCCMKT01","11.92","1751868226454","1"
"2016-10-19 13:58:00","BHMBCCMKT01","11.81","1751868226454","1"
"2016-11-04 08:59:00","BHMBCCMKT01","10.53","1751868226454","1"
"2016-11-27 08:02:00","BHMBCCMKT01","13.64","1751868226454","1"
"2016-10-26 10:59:00","BHMBCCMKT01","11.53","1751868226454","1"
"2016-10-04 12:29:00","BHMBCCMKT01","13.3","1751868226454","1"
"2016-10-09 09:04:00","BHMBCCMKT01","14.2","1751868226454","1"
"2016-10-07 08:30:00","BHMBCCMKT01","10.95","1751868226454","1"
"2016-10-07 14:03:00","BHMBCCMKT01","11.36","1751868226454","1"
"2016-11-23 11:04:00","BHMBCCMKT01","11.52","1751868226454","1"
"2016-11-17 11:04:00","BHMBCCMKT01","13.11","1751868226454","1"
"2016-11-22 08:31:00","BHMBCCMKT01","11.15","1751868226454","1"
"2016-10-28 09:29:00","BHMBCCMKT01","10.79","1751868226454","1"
"2016-10-26 14:26:00","BHMBCCMKT01","12.17","1751868226454","1"
"2016-11-18 09:27:00","BHMBCCMKT01","11.34","1751868226454","1"
"2016-10-05 12:30:00","BHMBCCMKT01","13.11","1751868226454","1"
"2016-10-15 14:27:00","BHMBCCMKT01","12.82","1751868226454","1"
"2016-11-15 13:30:00","BHMBCCMKT01","12.01","1751868226454","1"
"2016-10-06 10:57:00","BHMBCCMKT01","11.62","1751868226454","1"
"2016-10-14 09:01:00","BHMBCCMKT01","10.98","1751868226454","1"
"2016-11-01 11:26:00","BHMBCCMKT01","11.56","1751868226454","1"
"2016-10-29 13:59:00","BHMBCCMKT01","12.42","1751868226454","1"
"2016-10-10 08:04:00","BHMBCCMKT01","10.45","1751868226454","1"
"2016-11-01 16:33:00","BHMBCCMKT01","11.15","1751868226454","1"
"2016-11-24 14:57:00","BHMBCCMKT01","11.95","1751868226454","1"
"2016-10-22 09:59:00","BHMBCCMKT01","11.27","1751868226454","1"
"2016-11-24 10:27:00","BHMBCCMKT01","11.27","1751868226454","1"
"2016-10-11 08:30:00","BHMBCCMKT01","10.83","1751868226454","1"
"2016-10-22 11:59:00","BHMBCCMKT01","12.27","1751868226454","1"
"2016-10-10 14:57:00","BHMBCCMKT01","11.57","1751868226454","1"
"2016-10-24 09:55:00","BHMBCCMKT01","11.07","1751868226454","1"
"2016-11-15 08:30:00","BHMBCCMKT01","11.04","1751868226454","1"
"2016-11-25 10:00:00","BHMBCCMKT01","11.83","1751868226454","1"
"2016-11-01 09:26:00","BHMBCCMKT01","10.95","1751868226454","1"
"2016-10-25 13:29:00","BHMBCCMKT01","13.86","1751868226454","1"
"2016-11-11 16:34:00","BHMBCCMKT01","11.24","1751868226454","1"
"2016-10-15 14:01:00","BHMBCCMKT01","13.94","1751868226454","1"
"2016-11-27 13:32:00","BHMBCCMKT01","17.21","1751868226454","1"
"2016-11-21 15:57:00","BHMBCCMKT01","11.1","1751868226454","1"
"2016-11-15 15:30:00","BHMBCCMKT01","11.2","1751868226454","1"
"2016-11-21 08:31:00","BHMBCCMKT01","10.35","1751868226454","1"
"2016-11-03 12:59:00","BHMBCCMKT01","13.51","1751868226454","1"
"2016-10-04 08:25:00","BHMBCCMKT01","10.83","1751868226454","1"
"2016-11-10 14:00:00","BHMBCCMKT01","12.93","1751868226454","1"
"2016-11-03 16:30:00","BHMBCCMKT01","11.17","1751868226454","1"
"2016-11-30 09:01:00","BHMBCCMKT01","10.7","1751868226454","1"
"2016-10-11 13:31:00","BHMBCCMKT01","13.14","1751868226454","1"
"2016-10-30 13:25:00","BHMBCCMKT01","16.68","1751868226454","1"
"2016-10-25 15:29:00","BHMBCCMKT01","11.73","1751868226454","1"
"2016-11-01 10:26:00","BHMBCCMKT01","12.02","1751868226454","1"
"2016-10-13 13:31:00","BHMBCCMKT01","13.07","1751868226454","1"
"2016-11-28 11:32:00","BHMBCCMKT01","11.93","1751868226454","1"
"2016-10-07 14:30:00","BHMBCCMKT01","11.77","1751868226454","1"
"2016-10-15 16:27:00","BHMBCCMKT01","12.15","1751868226454","1"
"2016-10-26 15:26:00","BHMBCCMKT01","11.77","1751868226454","1"
"2016-11-30 08:28:00","BHMBCCMKT01","10.18","1751868226454","1"
"2016-10-23 12:26:00","BHMBCCMKT01","16.53","1751868226454","1"
"2016-11-11 15:34:00","BHMBCCMKT01","11.32","1751868226454","1"
"2016-10-16 10:34:00","BHMBCCMKT01","14.06","1751868226454","1"
"2016-10-30 08:59:00","BHMBCCMKT01","13.87","1751868226454","1"
"2016-10-22 16:26:00","BHMBCCMKT01","12.24","1751868226454","1"
"2016-10-23 15:26:00","BHMBCCMKT01","15.46","1751868226454","1"
"2016-10-07 11:30:00","BHMBCCMKT01","11.52","1751868226454","1"
"2016-10-31 08:26:00","BHMBCCMKT01","11.27","1751868226454","1"
"2016-10-15 09:01:00","BHMBCCMKT01","11.02","1751868226454","1"
"2016-11-07 16:00:00","BHMBCCMKT01","11.22","1751868226454","1"
"2016-11-20 11:27:00","BHMBCCMKT01","16.32","1751868226454","1"
"2016-11-19 11:31:00","BHMBCCMKT01","13.51","1751868226454","1"
"2016-10-17 10:04:00","BHMBCCMKT01","11.32","1751868226454","1"
"2016-11-25 12:34:00","BHMBCCMKT01","14.67","1751868226454","1"
"2016-11-11 09:00:00","BHMBCCMKT01","11.29","1751868226454","1"
"2016-11-29 10:01:00","BHMBCCMKT01","11.08","1751868226454","1"
"2016-10-16 11:01:00","BHMBCCMKT01","14.33","1751868226454","1"
"2016-11-10 16:27:00","BHMBCCMKT01","11.3","1751868226454","1"
"2016-10-28 08:56:00","BHMBCCMKT01","10.85","1751868226454","1"
"2016-11-14 16:27:00","BHMBCCMKT01","10.94","1751868226454","1"
"2016-11-25 16:00:00","BHMBCCMKT01","12.22","1751868226454","1"
"2016-11-25 11:00:00","BHMBCCMKT01","12.6","1751868226454","1"
"2016-11-28 15:41:00","BHMBCCMKT01","11.03","1751868226454","1"
"2016-11-14 09:27:00","BHMBCCMKT01","10.95","1751868226454","1"
"2016-10-13 14:31:00","BHMBCCMKT01","12.1","1751868226454","1"
"2016-11-25 15:00:00","BHMBCCMKT01","12.38","1751868226454","1"
"2016-11-02 14:30:00","BHMBCCMKT01","11.59","1751868226454","1"
"2016-10-15 10:27:00","BHMBCCMKT01","11.59","1751868226454","1"
"2016-11-21 11:30:00","BHMBCCMKT01","11.46","1751868226454","1"
"2016-11-09 14:27:00","BHMBCCMKT01","11.5","1751868226454","1"
"2016-11-05 11:26:00","BHMBCCMKT01","12.19","1751868226454","1"
"2016-10-19 16:25:00","BHMBCCMKT01","11.18","1751868226454","1"
"2016-10-05 14:57:00","BHMBCCMKT01","11.47","1751868226454","1"
"2016-11-19 08:31:00","BHMBCCMKT01","10.69","1751868226454","1"
"2016-11-06 15:26:00","BHMBCCMKT01","14.67","1751868226454","1"
"2016-10-24 14:56:00","BHMBCCMKT01","11.9","1751868226454","1"
"2016-10-14 11:01:00","BHMBCCMKT01","12.01","1751868226454","1"
"2016-10-19 08:25:00","BHMBCCMKT01","10.77","1751868226454","1"
"2016-11-23 09:31:00","BHMBCCMKT01","10.88","1751868226454","1"
"2016-11-17 09:31:00","BHMBCCMKT01","10.99","1751868226454","1"
"2016-11-18 08:01:00","BHMBCCMKT01","10.7","1751868226454","1"
"2016-11-08 09:59:00","BHMBCCMKT01","11.18","1751868226454","1"
"2016-11-05 14:26:00","BHMBCCMKT01","12.53","1751868226454","1"
"2016-10-18 13:54:00","BHMBCCMKT01","12.84","1751868226454","1"
"2016-10-22 14:39:00","BHMBCCMKT01","13.25","1751868226454","1"
"2016-11-12 16:00:00","BHMBCCMKT01","12.6","1751868226454","1"
"2016-11-13 15:27:00","BHMBCCMKT01","15.08","1751868226454","1"
"2016-11-14 10:00:00","BHMBCCMKT01","11.06","1751868226454","1"
"2016-10-31 14:26:00","BHMBCCMKT01","11.79","1751868226454","1"
"2016-10-11 09:57:00","BHMBCCMKT01","10.93","1751868226454","1"
"2016-10-13 15:04:00","BHMBCCMKT01","11.42","1751868226454","1"
"2016-10-30 08:25:00","BHMBCCMKT01","13.87","1751868226454","1"
"2016-11-17 12:04:00","BHMBCCMKT01","12.9","1751868226454","1"
"2016-10-24 12:30:00","BHMBCCMKT01","13.48","1751868226454","1"
"2016-10-27 08:32:00","BHMBCCMKT01","10.81","1751868226454","1"
"2016-11-05 09:26:00","BHMBCCMKT01","11.08","1751868226454","1"
"2016-11-02 09:56:00","BHMBCCMKT01","11.11","1751868226454","1"
"2016-11-24 13:57:00","BHMBCCMKT01","11.72","1751868226454","1"
"2016-11-09 12:00:00","BHMBCCMKT01","12.5","1751868226454","1"
"2016-10-25 09:56:00","BHMBCCMKT01","11.13","1751868226454","1"
"2016-10-18 16:27:00","BHMBCCMKT01","11.24","1751868226454","1"
"2016-11-16 08:27:00","BHMBCCMKT01","10.85","1751868226454","1"
"2016-10-07 10:57:00","BHMBCCMKT01","11.67","1751868226454","1"
"2016-10-11 09:30:00","BHMBCCMKT01","10.76","1751868226454","1"
"2016-10-12 10:31:00","BHMBCCMKT01","10.98","1751868226454","1"
"2016-11-26 16:28:00","BHMBCCMKT01","12.98","1751868226454","1"
"2016-11-01 10:00:00","BHMBCCMKT01","11.76","1751868226454","1"
"2016-10-05 12:57:00","BHMBCCMKT01","13.08","1751868226454","1"
"2016-11-25 15:27:00","BHMBCCMKT01","12.21","1751868226454","1"
"2016-10-22 09:26:00","BHMBCCMKT01","11.1","1751868226454","1"
"2016-10-24 12:56:00","BHMBCCMKT01","13.18","1751868226454","1"
"2016-11-17 16:31:00","BHMBCCMKT01","11.19","1751868226454","1"
"2016-11-13 10:33:00","BHMBCCMKT01","14.48","1751868226454","1"
"2016-11-05 12:06:00","BHMBCCMKT01","13.68","1751868226454","1"
"2016-11-18 10:27:00","BHMBCCMKT01","11.33","1751868226454","1"
"2016-11-20 16:01:00","BHMBCCMKT01","15.53","1751868226454","1"
"2016-10-22 12:32:00","BHMBCCMKT01","13.9","1751868226454","1"
"2016-10-19 12:25:00","BHMBCCMKT01","13.06","1751868226454","1"
"2016-11-25 11:27:00","BHMBCCMKT01","12.78","1751868226454","1"
"2016-11-06 13:06:00","BHMBCCMKT01","16.56","1751868226454","1"
"2016-10-25 15:56:00","BHMBCCMKT01","11.93","1751868226454","1"
"2016-10-11 11:30:00","BHMBCCMKT01","12.08","1751868226454","1"
"2016-10-29 15:26:00","BHMBCCMKT01","12.59","1751868226454","1"
"2016-10-16 14:27:00","BHMBCCMKT01","15.23","1751868226454","1"
"2016-11-08 16:34:00","BHMBCCMKT01","11.02","1751868226454","1"
"2016-11-11 08:27:00","BHMBCCMKT01","10.73","1751868226454","1"
"2016-10-17 09:01:00","BHMBCCMKT01","10.84","1751868226454","1"
"2016-11-26 08:01:00","BHMBCCMKT01","10.71","1751868226454","1"
"2016-10-05 10:04:00","BHMBCCMKT01","11.33","1751868226454","1"
"2016-10-17 15:57:00","BHMBCCMKT01","11.06","1751868226454","1"
"2016-11-19 16:04:00","BHMBCCMKT01","12.89","1751868226454","1"
"2016-10-06 10:30:00","BHMBCCMKT01","11.54","1751868226454","1"
"2016-10-30 14:32:00","BHMBCCMKT01","16.45","1751868226454","1"
"2016-11-01 16:00:00","BHMBCCMKT01","11.24","1751868226454","1"
"2016-10-07 09:04:00","BHMBCCMKT01","10.88","1751868226454","1"
"2016-10-12 08:04:00","BHMBCCMKT01","10.44","1751868226454","1"
"2016-10-08 09:30:00","BHMBCCMKT01","11.15","1751868226454","1"
"2016-11-05 08:26:00","BHMBCCMKT01","10.42","1751868226454","1"
"2016-11-11 10:27:00","BHMBCCMKT01","11.35","1751868226454","1"
"2016-10-13 16:04:00","BHMBCCMKT01","11.28","1751868226454","1"
"2016-10-19 08:58:00","BHMBCCMKT01","10.94","1751868226454","1"
"2016-10-25 11:29:00","BHMBCCMKT01","11.88","1751868226454","1"
"2016-10-22 14:59:00","BHMBCCMKT01","12.56","1751868226454","1"
"2016-11-16 10:33:00","BHMBCCMKT01","11.4","1751868226454","1"
"2016-11-08 12:27:00","BHMBCCMKT01","13.56","1751868226454","1"
"2016-11-09 13:27:00","BHMBCCMKT01","11.53","1751868226454","1"
"2016-10-19 14:58:00","BHMBCCMKT01","11.6","1751868226454","1"
"2016-11-24 15:57:00","BHMBCCMKT01","11.01","1751868226454","1"
"2016-11-29 14:01:00","BHMBCCMKT01","11.3","1751868226454","1"
"2016-11-28 13:02:00","BHMBCCMKT01","12.84","1751868226454","1"
"2016-11-06 10:00:00","BHMBCCMKT01","14.35","1751868226454","1"
"2016-11-16 14:27:00","BHMBCCMKT01","12.7","1751868226454","1"
"2016-11-10 12:00:00","BHMBCCMKT01","11.66","1751868226454","1"
"2016-11-24 08:00:00","BHMBCCMKT01","10.68","1751868226454","1"
"2016-11-19 16:31:00","BHMBCCMKT01","12.66","1751868226454","1"
"2016-10-18 08:01:00","BHMBCCMKT01","10.6","1751868226454","1"
"2016-11-01 13:00:00","BHMBCCMKT01","13.52","1751868226454","1"
"2016-10-15 12:27:00","BHMBCCMKT01","13.77","1751868226454","1"
"2016-10-29 14:59:00","BHMBCCMKT01","12.51","1751868226454","1"
"2016-11-16 10:00:00","BHMBCCMKT01","11.12","1751868226454","1"
"2016-10-14 10:01:00","BHMBCCMKT01","11.29","1751868226454","1"
"2016-11-20 14:01:00","BHMBCCMKT01","15.95","1751868226454","1"
"2016-10-30 13:59:00","BHMBCCMKT01","15.37","1751868226454","1"
"2016-10-05 07:57:00","BHMBCCMKT01","10.78","1751868226454","1"
"2016-11-10 12:27:00","BHMBCCMKT01","13.23","1751868226454","1"
"2016-11-17 12:31:00","BHMBCCMKT01","13.57","1751868226454","1"
"2016-10-29 10:59:00","BHMBCCMKT01","11.92","1751868226454","1"
"2016-11-16 08:00:00","BHMBCCMKT01","10.84","1751868226454","1"
"2016-11-29 16:02:00","BHMBCCMKT01","10.92","1751868226454","1"
"2016-11-27 13:08:00","BHMBCCMKT01","17.06","1751868226454","1"
"2016-11-16 16:00:00","BHMBCCMKT01","11.18","1751868226454","1"
"2016-10-15 11:27:00","BHMBCCMKT01","12.04","1751868226454","1"
"2016-10-24 10:30:00","BHMBCCMKT01","11.33","1751868226454","1"
"2016-11-21 09:04:00","BHMBCCMKT01","10.71","1751868226454","1"
"2016-11-14 08:33:00","BHMBCCMKT01","10.7","1751868226454","1"
"2016-10-29 11:25:00","BHMBCCMKT01","12.3","1751868226454","1"
"2016-11-02 08:56:00","BHMBCCMKT01","10.93","1751868226454","1"
"2016-10-29 09:26:00","BHMBCCMKT01","11.09","1751868226454","1"
"2016-11-23 08:57:00","BHMBCCMKT01","10.82","1751868226454","1"
"2016-11-19 15:04:00","BHMBCCMKT01","13.36","1751868226454","1"
"2016-10-06 16:04:00","BHMBCCMKT01","10.82","1751868226454","1"
"2016-10-23 10:26:00","BHMBCCMKT01","14.41","1751868226454","1"
"2016-10-31 16:26:00","BHMBCCMKT01","11.23","1751868226454","1"
"2016-11-08 15:33:00","BHMBCCMKT01","11.0","1751868226454","1"
"2016-11-24 13:30:00","BHMBCCMKT01","13.28","1751868226454","1"
"2016-11-17 13:31:00","BHMBCCMKT01","13.25","1751868226454","1"
"2016-11-18 13:01:00","BHMBCCMKT01","12.86","1751868226454","1"
"2016-11-19 12:31:00","BHMBCCMKT01","13.97","1751868226454","1"
"2016-11-30 10:28:00","BHMBCCMKT01","11.16","1751868226454","1"
"2016-11-21 16:31:00","BHMBCCMKT01","10.72","1751868226454","1"
"2016-11-18 16:28:00","BHMBCCMKT01","11.65","1751868226454","1"
"2016-11-20 09:27:00","BHMBCCMKT01","13.78","1751868226454","1"
"2016-11-19 14:31:00","BHMBCCMKT01","13.12","1751868226454","1"
"2016-11-24 10:01:00","BHMBCCMKT01","10.98","1751868226454","1"
"2016-11-11 11:27:00","BHMBCCMKT01","11.82","1751868226454","1"
"2016-10-12 09:26:00","BHMBCCMKT01","10.87","1751868226454","1"
"2016-11-20 08:27:00","BHMBCCMKT01","14.3","1751868226454","1"
"2016-10-12 08:31:00","BHMBCCMKT01","10.93","1751868226454","1"
"2016-10-11 13:04:00","BHMBCCMKT01","13.14","1751868226454","1"
"2016-11-15 16:30:00","BHMBCCMKT01","11.19","1751868226454","1"
"2016-11-22 14:57:00","BHMBCCMKT01","11.61","1751868226454","1"
"2016-11-06 09:33:00","BHMBCCMKT01","14.31","1751868226454","1"
"2016-11-23 16:04:00","BHMBCCMKT01","10.8","1751868226454","1"
"2016-10-12 15:01:00","BHMBCCMKT01","11.31","1751868226454","1"
"2016-10-05 16:04:00","BHMBCCMKT01","11.23","1751868226454","1"
"2016-11-11 12:27:00","BHMBCCMKT01","13.09","1751868226454","1"
"2016-10-10 09:30:00","BHMBCCMKT01","10.67","1751868226454","1"
"2016-10-13 12:31:00","BHMBCCMKT01","13.33","1751868226454","1"
"2016-11-05 12:26:00","BHMBCCMKT01","13.6","1751868226454","1"
"2016-10-16 09:01:00","BHMBCCMKT01","14.25","1751868226454","1"
"2016-11-08 13:34:00","BHMBCCMKT01","13.03","1751868226454","1"
"2016-10-22 08:59:00","BHMBCCMKT01","11.2","1751868226454","1"
"2016-11-22 09:31:00","BHMBCCMKT01","10.51","1751868226454","1"
"2016-11-28 12:28:00","BHMBCCMKT01","13.27","1751868226454","1"
"2016-11-02 13:03:00","BHMBCCMKT01","11.82","1751868226454","1"
"2016-10-06 15:04:00","BHMBCCMKT01","11.4","1751868226454","1"
"2016-10-31 15:00:00","BHMBCCMKT01","11.41","1751868226454","1"
"2016-10-29 15:59:00","BHMBCCMKT01","12.73","1751868226454","1"
"2016-10-15 08:01:00","BHMBCCMKT01","10.44","1751868226454","1"
"2016-10-15 09:27:00","BHMBCCMKT01","11.13","1751868226454","1"
"2016-10-27 07:59:00","BHMBCCMKT01","10.92","1751868226454","1"
"2016-11-26 14:01:00","BHMBCCMKT01","13.48","1751868226454","1"
"2016-11-22 11:04:00","BHMBCCMKT01","11.47","1751868226454","1"
"2016-11-25 16:27:00","BHMBCCMKT01","11.81","1751868226454","1"
"2016-10-28 16:02:00","BHMBCCMKT01","11.72","1751868226454","1"
"2016-11-18 15:01:00","BHMBCCMKT01","11.44","1751868226454","1"
"2016-11-04 10:00:00","BHMBCCMKT01","11.53","1751868226454","1"
"2016-11-06 11:26:00","BHMBCCMKT01","14.84","1751868226454","1"
"2016-10-28 15:02:00","BHMBCCMKT01","11.97","1751868226454","1"
"2016-10-25 14:29:00","BHMBCCMKT01","12.29","1751868226454","1"
"2016-11-08 14:26:00","BHMBCCMKT01","11.71","1751868226454","1"
"2016-10-15 08:34:00","BHMBCCMKT01","10.82","1751868226454","1"
"2016-10-22 13:32:00","BHMBCCMKT01","14.02","1751868226454","1"
"2016-11-29 11:28:00","BHMBCCMKT01","11.94","1751868226454","1"
"2016-10-31 13:59:00","BHMBCCMKT01","11.47","1751868226454","1"
"2016-11-24 11:27:00","BHMBCCMKT01","12.26","1751868226454","1"
"2016-11-10 14:27:00","BHMBCCMKT01","11.68","1751868226454","1"
"2016-10-28 10:02:00","BHMBCCMKT01","11.29","1751868226454","1"
"2016-11-12 13:27:00","BHMBCCMKT01","13.98","1751868226454","1"
"2016-10-09 10:30:00","BHMBCCMKT01","15.63","1751868226454","1"
"2016-11-02 08:30:00","BHMBCCMKT01","10.77","1751868226454","1"
"2016-11-08 08:26:00","BHMBCCMKT01","10.7","1751868226454","1"
"2016-11-10 08:34:00","BHMBCCMKT01","10.86","1751868226454","1"
"2016-11-04 11:33:00","BHMBCCMKT01","13.29","1751868226454","1"
"2016-10-16 15:31:00","BHMBCCMKT01","14.65","1751868226454","1"
"2016-10-05 13:30:00","BHMBCCMKT01","13.29","1751868226454","1"
"2016-10-13 11:57:00","BHMBCCMKT01","12.0","1751868226454","1"
"2016-11-28 10:01:00","BHMBCCMKT01","10.71","1751868226454","1"
"2016-11-19 10:58:00","BHMBCCMKT01","12.75","1751868226454","1"
"2016-11-24 15:31:00","BHMBCCMKT01","11.06","1751868226454","1"
"2016-11-16 16:33:00","BHMBCCMKT01","11.24","1751868226454","1"
"2016-11-02 11:30:00","BHMBCCMKT01","11.71","1751868226454","1"
"2016-11-08 11:00:00","BHMBCCMKT01","11.56","1751868226454","1"
